date,department,vendor,approved_by_employee,invoice_id,transaction_amount,payment_method,monthly_revenue_recorded,payroll_amount,fraud_pattern_label
2023-11-28,HR,Beta Traders,EMP104,INV3681,2873,Bank Transfer,16168,11779,None
2024-03-20,Marketing,Delta Services,EMP101,INV2869,18556,Bank Transfer,47057,3968,None
2024-08-13,Sales,Om Industrial,EMP104,INV3140,2026,Bank Transfer,28979,5181,None
2024-11-29,Finance,Beta Traders,EMP101,INV2762,6656,Card,45896,4596,None
2024-06-28,Operations,Delta Services,EMP107,INV3891,19687,Cash,33696,10424,None
2024-06-21,HR,Delta Services,EMP103,INV3247,9935,Cash,17737,4199,None
2024-11-15,Finance,Alpha Supplies,EMP107,INV2696,10780,Card,48952,8737,None
2023-10-04,HR,Delta Services,EMP106,INV3497,2488,Bank Transfer,52410,8072,None
2024-11-15,IT,Gamma Logistics,EMP101,INV3251,6006,Cash,42354,4918,None
2025-06-11,Marketing,Delta Services,EMP101,INV3125,13661,Cash,18973,7552,None
2024-01-25,Sales,Beta Traders,EMP999,INV2475,5457,Bank Transfer,10790,12432,Ghost Employee
2024-07-01,Finance,Gamma Logistics,EMP105,INV3414,4612,Cash,50474,11445,None
2024-11-27,IT,Zenith Corp,EMP105,INV2807,13573,Cash,41557,4696,None
2023-12-15,Sales,Om Industrial,EMP101,INV2309,19072,Bank Transfer,16649,11791,None
2024-01-21,Operations,Beta Traders,EMP106,INV2971,12432,Cash,17559,5012,None
2023-04-15,HR,Rapid Parts,EMP103,INV3001,14000,Cash,43838,5645,Duplicate Invoice
2023-01-28,Operations,Zenith Corp,EMP105,INV3425,3482,Card,43973,7278,None
2025-03-08,HR,Om Industrial,EMP103,INV3650,6894,Bank Transfer,36259,6922,None
2023-01-30,Operations,Alpha Supplies,EMP107,INV2396,8992,Cash,39309,8640,None
2023-04-15,Marketing,Beta Traders,EMP104,INV2988,7196,Cash,41422,3031,None
2024-02-02,Marketing,Zenith Corp,EMP106,INV2888,6349,Cash,15685,8447,None
2025-01-12,Marketing,Beta Traders,EMP102,INV3209,5452,Bank Transfer,52982,10624,None
2023-12-25,Finance,Beta Traders,EMP105,INV2029,1201,Bank Transfer,44510,4683,None
2025-06-13,Operations,Beta Traders,EMP101,INV3026,10099,Bank Transfer,48432,6940,None
2025-01-27,HR,Gamma Logistics,EMP104,INV2861,17433,Card,207688,11219,Revenue Inflation
2024-09-15,Marketing,Alpha Supplies,EMP107,INV2969,5138,Bank Transfer,46469,4971,None
2025-03-06,Sales,Alpha Supplies,EMP105,INV2567,6768,Bank Transfer,16405,3691,None
2024-03-29,Finance,Gamma Logistics,EMP105,INV2408,17282,Card,39644,7541,None
2024-06-19,Marketing,Gamma Logistics,EMP105,INV2853,4993,Cash,35713,4992,None
2025-03-13,Marketing,Alpha Supplies,EMP107,INV2292,12499,Card,18995,7146,None
2024-05-13,Marketing,Beta Traders,EMP106,INV3055,14640,Bank Transfer,32224,9616,None
2023-12-13,IT,Om Industrial,EMP104,INV2787,1092,Card,43910,8431,None
2025-03-18,Sales,Beta Traders,EMP101,INV2081,9410,Cash,27723,5974,None
2024-02-20,Finance,Beta Traders,EMP105,INV3434,16707,Card,15862,8358,None
2023-10-03,Sales,Alpha Supplies,EMP106,INV3245,61245,Cash,14366,6643,Large Cash Payment
2024-09-28,Finance,Beta Traders,EMP101,INV3921,8313,Card,20580,4793,None
2024-06-27,Operations,Delta Services,EMP103,INV3376,16886,Cash,246086,5914,Revenue Inflation
2023-07-14,Marketing,Om Industrial,EMP104,INV3348,3982,Cash,53025,10080,None
2023-08-24,HR,Delta Services,EMP103,INV2828,5078,Card,13564,8694,Vendor Kickback
2024-03-17,Sales,Beta Traders,EMP101,INV3782,12980,Card,53944,11289,None
2023-07-09,IT,Delta Services,EMP103,INV2745,9125,Bank Transfer,45853,8389,Vendor Kickback
2023-07-07,IT,Alpha Supplies,EMP103,INV2571,16053,Bank Transfer,184625,11237,Revenue Inflation
2023-05-28,Sales,Delta Services,EMP105,INV2613,1237,Cash,51266,7984,None
2025-01-03,IT,Zenith Corp,EMP105,INV2306,16693,Cash,57458,7655,None
2024-03-15,Finance,Rapid Parts,EMP106,INV3541,17662,Bank Transfer,47255,11263,None
2024-12-29,HR,Rapid Parts,EMP106,INV2063,3288,Bank Transfer,18722,3685,None
2023-02-21,HR,Rapid Parts,EMP101,INV3002,8513,Card,10217,7321,None
2023-04-05,Sales,Rapid Parts,EMP105,INV2516,16027,Card,27403,4219,None
2024-04-16,IT,Delta Services,EMP107,INV3864,16196,Bank Transfer,13063,7707,None
2023-09-18,HR,Rapid Parts,EMP106,INV2273,19104,Cash,41615,3204,None
2023-10-25,Operations,Rapid Parts,EMP105,INV2955,15766,Cash,210158,4941,Revenue Inflation
2024-06-02,IT,Delta Services,EMP103,INV2152,7404,Bank Transfer,19289,4479,None
2024-10-08,Sales,Om Industrial,EMP103,INV2473,12466,Card,41859,11157,None
2024-02-20,Marketing,Delta Services,EMP103,INV2770,11770,Cash,17923,8178,Vendor Kickback
2023-07-20,HR,Rapid Parts,EMP101,INV2762,8797,Cash,35749,4064,None
2025-05-24,Sales,Alpha Supplies,EMP103,INV3300,9859,Bank Transfer,26339,5439,None
2025-03-14,HR,Delta Services,EMP101,INV3124,18658,Cash,57157,6333,None
2025-06-09,Sales,Gamma Logistics,EMP104,INV2349,4671,Card,37188,10736,None
2023-09-24,Marketing,Delta Services,EMP106,INV3141,16332,Cash,17847,9461,None
2023-08-14,IT,Delta Services,EMP103,INV3121,5074,Cash,25996,6152,None
2024-08-06,HR,Beta Traders,EMP101,INV2847,13044,Cash,23762,11587,None
2023-05-09,Finance,Rapid Parts,EMP105,INV2189,7576,Card,26282,7440,None
2025-04-13,Marketing,Zenith Corp,EMP101,INV3453,14432,Bank Transfer,48481,10754,None
2024-06-24,IT,Zenith Corp,EMP104,INV2458,4073,Bank Transfer,19965,5529,None
2024-10-24,IT,Zenith Corp,EMP107,INV3591,18571,Bank Transfer,10089,3647,None
2023-11-08,Operations,Beta Traders,EMP106,INV3430,14833,Card,16517,4837,None
2023-08-17,Sales,Zenith Corp,EMP105,INV2617,18112,Bank Transfer,28258,10547,None
2023-08-29,Sales,Om Industrial,EMP102,INV2113,10572,Cash,22721,3356,None
2024-01-15,Sales,Beta Traders,EMP104,INV3471,11577,Card,33744,9890,None
2024-05-31,IT,Alpha Supplies,EMP102,INV3568,10714,Bank Transfer,25126,6177,None
2024-09-30,Marketing,Delta Services,EMP105,INV2854,16394,Bank Transfer,48980,3924,None
2023-05-26,HR,Delta Services,EMP101,INV2805,6532,Bank Transfer,56663,10366,None
2023-12-04,HR,Beta Traders,EMP102,INV2065,15822,Card,53544,8108,None
2023-04-22,Operations,Alpha Supplies,EMP101,INV2860,12016,Bank Transfer,46774,5026,None
2025-04-21,Sales,Zenith Corp,EMP104,INV2400,16014,Bank Transfer,45489,9106,None
2023-02-01,Marketing,Rapid Parts,EMP104,INV2083,13763,Card,12284,9153,None
2023-03-06,Operations,Om Industrial,EMP103,INV3961,11476,Cash,27181,3714,None
2024-09-01,Sales,Zenith Corp,EMP106,INV2219,8163,Bank Transfer,56895,10785,None
2024-03-16,Marketing,Zenith Corp,EMP104,INV2017,6494,Cash,55358,7969,None
2025-03-12,Finance,Om Industrial,EMP101,INV3541,13334,Bank Transfer,26207,5620,None
2023-06-14,Sales,Delta Services,EMP101,INV2426,3255,Cash,37594,4579,None
2024-09-27,HR,Rapid Parts,EMP102,INV3596,4470,Card,29253,7815,None
2024-03-25,Marketing,Beta Traders,EMP102,INV2576,5524,Bank Transfer,31386,6084,None
2024-10-27,HR,Zenith Corp,EMP101,INV2209,1713,Cash,41114,3073,None
2023-08-27,Marketing,Alpha Supplies,EMP101,INV2397,19610,Card,34394,4230,None
2024-11-11,HR,Alpha Supplies,EMP101,INV2445,11958,Card,34163,3613,None
2025-01-19,Sales,Rapid Parts,EMP102,INV3389,57481,Cash,22133,9091,Large Cash Payment
2023-04-14,HR,Zenith Corp,EMP104,INV3309,5564,Card,15973,11749,None
2024-11-14,Sales,Gamma Logistics,EMP104,INV3809,19063,Cash,37137,8852,None
2025-01-15,Sales,Delta Services,EMP999,INV2867,5630,Cash,15930,13518,Ghost Employee
2023-05-26,IT,Rapid Parts,EMP107,INV3274,19271,Bank Transfer,58316,9075,None
2023-03-10,IT,Alpha Supplies,EMP104,INV2259,10383,Bank Transfer,41636,3712,None
2024-12-30,Marketing,Om Industrial,EMP106,INV3271,7776,Card,50286,9627,None
2024-02-14,IT,Om Industrial,EMP102,INV2306,4532,Cash,57505,7047,None
2024-11-14,Sales,Zenith Corp,EMP103,INV3126,15433,Cash,52534,8017,None
2024-03-24,Sales,Beta Traders,EMP101,INV2952,16539,Card,39282,6854,None
2024-04-29,Sales,Delta Services,EMP101,INV2881,12249,Bank Transfer,16010,8985,None
2023-05-14,Operations,Alpha Supplies,EMP106,INV2163,17260,Card,59286,3889,None
2025-05-27,HR,Alpha Supplies,EMP105,INV2396,4090,Card,42235,5156,None
2025-01-08,Operations,Beta Traders,EMP101,INV2325,8764,Card,50208,8305,None
2024-05-06,Operations,Beta Traders,EMP105,INV3001,14000,Card,34396,8227,Duplicate Invoice
2024-11-26,Marketing,Gamma Logistics,EMP104,INV3573,4270,Cash,13183,11695,None
2023-04-18,HR,Gamma Logistics,EMP105,INV2542,12672,Cash,34179,9156,None
2025-01-31,Finance,Delta Services,EMP103,INV3001,14000,Cash,58040,8122,Vendor Kickback
2024-06-08,Marketing,Gamma Logistics,EMP101,INV3254,7946,Cash,11460,3746,None
2024-02-28,Finance,Om Industrial,EMP103,INV2750,7190,Bank Transfer,20395,10780,None
2023-04-09,Marketing,Alpha Supplies,EMP106,INV2823,9339,Card,10753,7329,None
2024-08-15,Finance,Delta Services,EMP105,INV2508,16649,Card,10026,5704,None
2023-03-01,Sales,Zenith Corp,EMP101,INV3345,18552,Card,19323,6231,None
2024-03-01,Marketing,Zenith Corp,EMP105,INV2130,10637,Card,51023,7919,None
2023-01-07,IT,Delta Services,EMP107,INV2164,15745,Card,21494,10413,None
2023-12-10,Operations,Rapid Parts,EMP106,INV2544,2221,Card,54940,10144,None
2023-08-11,Sales,Alpha Supplies,EMP105,INV3852,9031,Bank Transfer,58750,6868,None
2024-02-03,Marketing,Gamma Logistics,EMP105,INV2961,18075,Cash,44774,10735,None
2023-11-12,IT,Zenith Corp,EMP102,INV3001,14000,Card,19476,5810,Duplicate Invoice
2023-05-26,Sales,Rapid Parts,EMP101,INV3418,5035,Bank Transfer,55679,3698,None
2023-07-24,Finance,Zenith Corp,EMP107,INV3801,2660,Card,17019,9288,None
2025-04-11,Sales,Zenith Corp,EMP106,INV2977,9916,Card,18693,4636,None
2024-03-09,Operations,Gamma Logistics,EMP101,INV2099,9760,Cash,31025,9029,None
2025-03-18,IT,Delta Services,EMP101,INV2710,3721,Card,56180,10683,None
2024-08-11,Marketing,Zenith Corp,EMP103,INV3072,57166,Cash,28896,6310,Large Cash Payment
2025-04-25,Finance,Beta Traders,EMP104,INV2533,17380,Cash,28594,5603,None
2025-02-24,HR,Alpha Supplies,EMP104,INV3286,3926,Card,33305,8351,None
2024-03-08,Operations,Rapid Parts,EMP101,INV2539,10433,Bank Transfer,45712,10013,None
2024-04-16,Finance,Beta Traders,EMP105,INV2713,1610,Card,44192,8352,None
2023-06-23,HR,Delta Services,EMP104,INV2473,19478,Cash,31892,5065,None
2024-12-21,Finance,Zenith Corp,EMP107,INV3996,5611,Bank Transfer,57393,7056,None
2023-07-13,Sales,Gamma Logistics,EMP106,INV2400,3830,Bank Transfer,19893,9295,None
2023-07-20,Sales,Alpha Supplies,EMP106,INV3001,14000,Cash,40403,9362,Duplicate Invoice
2024-10-09,Sales,Gamma Logistics,EMP104,INV3236,8928,Bank Transfer,10361,9630,None
2025-02-06,Marketing,Rapid Parts,EMP104,INV3745,19628,Card,54538,6745,None
2024-12-18,Marketing,Alpha Supplies,EMP104,INV2512,5626,Cash,41637,9939,None
2023-07-07,Sales,Rapid Parts,EMP103,INV3859,16551,Cash,12499,4742,None
2023-12-23,Finance,Alpha Supplies,EMP107,INV3001,14000,Cash,43566,10794,Duplicate Invoice
2024-04-12,Marketing,Beta Traders,EMP106,INV3562,42980,Cash,57782,5005,Large Cash Payment
2023-03-18,HR,Delta Services,EMP104,INV3188,12038,Card,17160,7344,None
2023-08-13,IT,Zenith Corp,EMP104,INV2264,5891,Bank Transfer,51569,4128,None
2023-05-30,HR,Gamma Logistics,EMP106,INV2602,15838,Cash,52572,11982,None
2024-01-21,IT,Rapid Parts,EMP103,INV2986,6591,Card,57303,3044,None
2024-05-11,HR,Delta Services,EMP105,INV2312,12376,Bank Transfer,35238,7967,None
2023-05-24,Operations,Om Industrial,EMP107,INV2030,19585,Card,23746,3188,None
2023-05-27,Marketing,Zenith Corp,EMP102,INV3607,11852,Cash,23666,5501,None
2025-03-11,Finance,Alpha Supplies,EMP106,INV2404,10233,Card,55402,11101,None
2023-04-30,Operations,Om Industrial,EMP101,INV3693,8173,Cash,41014,5282,None
2024-05-25,Finance,Beta Traders,EMP105,INV2328,716,Card,40668,8254,None
2024-03-12,Sales,Delta Services,EMP106,INV3302,12308,Bank Transfer,11347,3467,None
2023-04-07,IT,Om Industrial,EMP104,INV2436,1610,Bank Transfer,50978,9809,None
2025-03-08,Marketing,Om Industrial,EMP105,INV2700,14760,Cash,26487,9920,None
2024-05-30,Finance,Gamma Logistics,EMP107,INV3340,7169,Cash,17728,11064,None
2025-03-14,HR,Delta Services,EMP103,INV3116,13804,Card,36114,3814,Vendor Kickback
2024-09-15,Sales,Zenith Corp,EMP106,INV3252,18314,Card,50415,9161,None
2023-03-26,HR,Beta Traders,EMP101,INV3280,15503,Card,16642,5849,None
2024-11-02,Marketing,Delta Services,EMP103,INV3454,62115,Cash,29794,7227,Large Cash Payment
2023-02-25,Finance,Delta Services,EMP105,INV3584,4394,Bank Transfer,47704,9898,None
2024-08-31,Marketing,Om Industrial,EMP999,INV3123,14014,Cash,150626,14483,Ghost Employee
2023-05-05,Marketing,Zenith Corp,EMP101,INV2967,4726,Bank Transfer,28051,3291,None
2023-02-21,HR,Gamma Logistics,EMP107,INV3494,5244,Card,29211,4381,None
2023-09-18,Sales,Alpha Supplies,EMP106,INV2030,2484,Bank Transfer,35490,4305,None
2024-05-13,Operations,Om Industrial,EMP101,INV3490,19340,Cash,40788,10188,None
2024-10-06,IT,Zenith Corp,EMP104,INV3935,15335,Cash,59464,7456,None
2025-04-27,Finance,Om Industrial,EMP103,INV3702,1007,Card,49396,5475,None
2024-02-01,Finance,Rapid Parts,EMP104,INV2580,15287,Bank Transfer,31071,3027,None
2025-03-12,Marketing,Alpha Supplies,EMP103,INV2560,5316,Card,54868,11975,None
2024-05-11,Marketing,Zenith Corp,EMP104,INV2633,8168,Card,54411,3943,None
2023-01-10,IT,Zenith Corp,EMP104,INV3098,3373,Card,14104,8818,None
2024-06-18,Finance,Gamma Logistics,EMP104,INV2387,7114,Card,22603,6484,None
2024-01-03,Finance,Delta Services,EMP107,INV2091,8570,Bank Transfer,34513,11081,None
2023-11-20,Operations,Om Industrial,EMP101,INV3001,14000,Cash,16165,3337,Duplicate Invoice
2023-09-25,IT,Zenith Corp,EMP103,INV3571,15142,Bank Transfer,26645,5144,None
2023-01-29,Finance,Alpha Supplies,EMP101,INV2997,15516,Cash,49194,4051,None
2023-08-27,HR,Rapid Parts,EMP101,INV2374,13381,Card,20467,10345,None
2023-09-20,Finance,Gamma Logistics,EMP101,INV2528,2041,Bank Transfer,56504,11410,None
2023-11-22,Marketing,Zenith Corp,EMP101,INV3207,10290,Card,59669,10229,None
2024-01-19,Marketing,Delta Services,EMP104,INV3653,8313,Cash,54409,5345,None
2025-05-02,Finance,Beta Traders,EMP101,INV3593,29925,Cash,16356,10327,Large Cash Payment
2025-04-22,Sales,Beta Traders,EMP104,INV2292,12494,Card,24526,8439,None
2024-03-25,Operations,Zenith Corp,EMP102,INV2505,13993,Cash,11665,5550,None
2023-11-22,Sales,Delta Services,EMP104,INV2116,17324,Bank Transfer,46696,6459,None
2024-01-09,Marketing,Delta Services,EMP103,INV2799,3697,Bank Transfer,37239,7741,None
2024-10-17,Finance,Alpha Supplies,EMP104,INV2287,17237,Cash,10126,10258,None
2024-02-23,Finance,Beta Traders,EMP103,INV3727,5024,Bank Transfer,44187,5951,None
2023-03-31,IT,Om Industrial,EMP999,INV2421,6244,Cash,50136,14670,Ghost Employee
2025-01-20,HR,Om Industrial,EMP104,INV3660,17488,Bank Transfer,31968,8695,None
2024-02-24,Marketing,Zenith Corp,EMP104,INV2508,9224,Card,46905,6048,None
2024-09-01,Operations,Zenith Corp,EMP101,INV3983,15106,Card,14675,11448,None
2023-11-25,IT,Zenith Corp,EMP106,INV2597,2505,Card,57903,4764,None
2023-01-22,Marketing,Beta Traders,EMP101,INV2343,6476,Card,30441,4682,None
2024-12-16,Operations,Rapid Parts,EMP102,INV2950,19390,Bank Transfer,25621,11567,None
2023-02-16,IT,Gamma Logistics,EMP101,INV3025,19698,Cash,17211,7581,None
2023-05-31,IT,Rapid Parts,EMP105,INV2336,13496,Card,51614,3303,None
2024-02-10,Operations,Alpha Supplies,EMP107,INV2492,13630,Cash,56892,8489,None
2025-05-17,Operations,Om Industrial,EMP101,INV3961,5304,Card,164290,8790,Revenue Inflation
2023-03-12,Marketing,Gamma Logistics,EMP104,INV2461,1182,Card,37572,5284,None
2025-04-08,HR,Alpha Supplies,EMP101,INV3879,9208,Card,51172,7479,None
2024-06-16,Marketing,Alpha Supplies,EMP104,INV2231,9921,Bank Transfer,32777,8003,None
2024-06-10,IT,Gamma Logistics,EMP101,INV3908,17992,Card,38834,5431,None
2023-10-23,HR,Gamma Logistics,EMP102,INV2588,18401,Bank Transfer,49973,10440,None
2024-01-11,Operations,Delta Services,EMP105,INV2960,16158,Card,12029,8087,None
2024-08-22,Operations,Delta Services,EMP101,INV2663,8316,Bank Transfer,42204,8332,None
2023-01-23,Sales,Beta Traders,EMP105,INV2901,11903,Card,43881,4016,None
2023-08-19,Marketing,Rapid Parts,EMP106,INV3368,11543,Cash,19196,8774,None
2025-01-26,IT,Zenith Corp,EMP106,INV2845,4670,Cash,10283,4693,None
2023-06-03,Operations,Delta Services,EMP107,INV2777,4138,Card,55393,10410,None
2024-07-22,HR,Om Industrial,EMP104,INV3611,721,Cash,34947,11184,None
2024-08-18,Operations,Beta Traders,EMP101,INV3963,8451,Cash,183626,8338,Revenue Inflation
2024-05-24,Operations,Gamma Logistics,EMP105,INV3059,14824,Card,57652,11474,None
2023-12-26,HR,Delta Services,EMP101,INV2469,17711,Bank Transfer,36838,4621,None
2025-06-19,IT,Beta Traders,EMP104,INV3571,14923,Cash,55323,8624,None
2025-04-25,Marketing,Gamma Logistics,EMP105,INV3412,10163,Bank Transfer,43349,8625,None
2024-06-07,Marketing,Beta Traders,EMP999,INV2123,6477,Cash,33146,9022,Ghost Employee
2023-11-11,Finance,Delta Services,EMP103,INV3001,14000,Bank Transfer,48417,4613,Vendor Kickback
2024-08-03,HR,Gamma Logistics,EMP107,INV2294,17353,Card,36941,6252,None
2023-01-30,Marketing,Alpha Supplies,EMP101,INV3685,16570,Card,50173,10659,None
2024-08-15,HR,Gamma Logistics,EMP102,INV2564,12094,Bank Transfer,12155,5775,None
2023-12-24,Finance,Beta Traders,EMP104,INV2111,1140,Cash,35951,6605,None
2023-02-15,Marketing,Beta Traders,EMP105,INV3840,701,Cash,29901,10461,None
2024-11-24,HR,Delta Services,EMP106,INV2846,7754,Card,36122,8065,None
2023-06-27,IT,Beta Traders,EMP103,INV3989,750,Bank Transfer,35954,7762,None
2024-02-17,Sales,Rapid Parts,EMP101,INV3134,12009,Cash,35386,7013,None
2023-12-16,Marketing,Zenith Corp,EMP102,INV2189,4755,Card,27672,6216,None
2025-03-25,Marketing,Zenith Corp,EMP102,INV2443,12064,Cash,34700,9638,None
2025-05-28,Marketing,Delta Services,EMP106,INV3220,9044,Card,48506,10214,None
2023-05-09,Sales,Zenith Corp,EMP107,INV2187,17310,Card,244139,11889,Revenue Inflation
2023-11-15,HR,Alpha Supplies,EMP104,INV3589,6301,Bank Transfer,31039,6793,None
2025-04-04,Operations,Om Industrial,EMP107,INV3471,2659,Bank Transfer,15763,8099,None
2024-02-18,HR,Zenith Corp,EMP104,INV3001,14000,Card,21560,7530,Duplicate Invoice
2024-02-27,HR,Alpha Supplies,EMP106,INV2508,15657,Card,33076,9562,None
2024-09-15,HR,Rapid Parts,EMP102,INV2828,1825,Card,49880,3655,None
2023-02-10,HR,Om Industrial,EMP103,INV3156,6387,Card,47366,6729,None
2024-08-12,Sales,Gamma Logistics,EMP101,INV3845,9882,Card,48346,3703,None
2025-03-21,Operations,Gamma Logistics,EMP102,INV2854,3322,Card,58992,9449,None
2024-03-10,HR,Delta Services,EMP103,INV3041,15336,Card,54340,3889,None
2023-05-11,Marketing,Delta Services,EMP107,INV2534,18821,Bank Transfer,45809,5859,None
2023-03-02,Operations,Beta Traders,EMP103,INV2412,3532,Cash,18990,8088,None
2024-06-11,Marketing,Rapid Parts,EMP104,INV3429,12016,Card,18742,7904,None
2025-04-14,IT,Alpha Supplies,EMP105,INV3226,5572,Bank Transfer,36614,10555,None
2023-07-31,Operations,Alpha Supplies,EMP101,INV2226,6959,Cash,39361,8061,None
2024-07-24,Sales,Alpha Supplies,EMP101,INV2171,16409,Cash,58430,8434,None
2024-07-10,Operations,Gamma Logistics,EMP101,INV3285,9870,Bank Transfer,201809,7119,Revenue Inflation
2023-10-31,HR,Gamma Logistics,EMP102,INV2209,6020,Card,58648,8084,None
2023-08-24,Finance,Gamma Logistics,EMP102,INV2490,8808,Cash,12703,3945,None
2023-02-21,IT,Beta Traders,EMP104,INV2613,5660,Cash,19298,4314,None
2023-02-10,IT,Zenith Corp,EMP104,INV3001,14000,Bank Transfer,10183,9102,Duplicate Invoice
2023-05-27,HR,Delta Services,EMP103,INV3455,17363,Bank Transfer,32194,9901,Vendor Kickback
2025-01-12,Operations,Beta Traders,EMP104,INV3646,15021,Bank Transfer,47192,8703,None
2024-07-01,Marketing,Rapid Parts,EMP107,INV3661,3168,Cash,57367,3983,None
2024-05-07,Marketing,Rapid Parts,EMP106,INV3086,11752,Cash,22376,3456,None
2024-07-22,Operations,Om Industrial,EMP104,INV3156,8372,Card,35974,10231,None
2025-02-06,Operations,Alpha Supplies,EMP102,INV2384,3611,Card,53924,11696,None
2024-08-09,HR,Rapid Parts,EMP101,INV3160,19782,Card,36740,4314,None
2024-06-03,Sales,Rapid Parts,EMP107,INV2209,17380,Card,54955,10536,None
2025-03-04,Operations,Delta Services,EMP103,INV2828,2385,Card,13094,6881,Vendor Kickback
2023-11-04,Marketing,Alpha Supplies,EMP106,INV3272,3373,Cash,46894,6303,None
2025-04-03,HR,Zenith Corp,EMP106,INV2251,8876,Bank Transfer,34445,6920,None
2025-04-16,Sales,Om Industrial,EMP103,INV2670,18484,Cash,12237,4850,None
2025-05-08,Sales,Om Industrial,EMP104,INV2226,16492,Bank Transfer,26935,4208,None
2024-01-25,Finance,Zenith Corp,EMP102,INV3001,14000,Cash,39103,7402,Duplicate Invoice
2025-03-30,Sales,Zenith Corp,EMP101,INV3726,13363,Bank Transfer,20373,10794,None
2024-06-13,Operations,Alpha Supplies,EMP103,INV2637,7588,Card,48615,5145,None
2023-12-06,IT,Om Industrial,EMP104,INV2012,10800,Cash,47955,8496,None
2024-10-08,HR,Beta Traders,EMP106,INV2787,9434,Bank Transfer,14160,7478,None
2023-05-23,Finance,Rapid Parts,EMP101,INV3585,7028,Bank Transfer,51490,9983,None
2023-09-01,Marketing,Zenith Corp,EMP107,INV2622,2860,Card,58465,8595,None
2025-01-02,Sales,Delta Services,EMP103,INV3375,11549,Card,41553,8295,None
2023-06-04,Sales,Beta Traders,EMP102,INV2829,15348,Card,35957,10299,None
2023-11-05,Operations,Rapid Parts,EMP103,INV3129,19239,Card,14816,8578,None
2024-08-17,Operations,Gamma Logistics,EMP104,INV3477,14533,Card,41753,4109,None
2025-02-15,Operations,Beta Traders,EMP106,INV2447,1157,Bank Transfer,36186,3781,None
2023-04-12,HR,Beta Traders,EMP102,INV3230,4727,Bank Transfer,15197,3796,None
2023-01-06,Finance,Beta Traders,EMP103,INV3310,991,Card,11807,8290,None
2024-02-20,Operations,Om Industrial,EMP106,INV3768,2382,Bank Transfer,12979,9787,None
2024-02-14,Sales,Gamma Logistics,EMP104,INV3155,10883,Bank Transfer,13671,8135,None
2023-01-20,Marketing,Beta Traders,EMP102,INV2732,3444,Card,37736,8926,None
2024-09-08,Marketing,Om Industrial,EMP103,INV3665,8948,Card,12073,10824,None
2024-04-09,Operations,Om Industrial,EMP103,INV3927,17855,Card,18641,7488,None
2024-01-07,Marketing,Beta Traders,EMP106,INV3918,3446,Cash,50935,3457,None
2024-09-12,Marketing,Gamma Logistics,EMP106,INV3082,5811,Bank Transfer,32991,3475,None
2024-10-13,IT,Delta Services,EMP103,INV2663,7449,Cash,17065,3433,Vendor Kickback
2023-12-26,Finance,Alpha Supplies,EMP102,INV3857,13932,Cash,53060,9153,None
2023-08-25,Operations,Gamma Logistics,EMP102,INV2611,9631,Cash,24195,11169,None
2025-02-08,Operations,Beta Traders,EMP107,INV2678,3397,Cash,41821,3064,None
2023-08-06,Marketing,Om Industrial,EMP101,INV2094,12308,Card,21947,10193,None
2025-04-04,Sales,Alpha Supplies,EMP102,INV2308,10419,Bank Transfer,58235,11235,None
2024-02-29,HR,Gamma Logistics,EMP999,INV3806,13498,Card,12157,10104,Ghost Employee
2024-05-31,Finance,Om Industrial,EMP102,INV3491,3936,Cash,13166,3326,None
2023-05-20,Sales,Om Industrial,EMP104,INV3403,7837,Bank Transfer,19695,11854,None
2025-05-09,Operations,Delta Services,EMP103,INV3497,7838,Bank Transfer,27889,4186,Vendor Kickback
2023-07-21,IT,Om Industrial,EMP101,INV2547,12382,Card,31345,3173,None
2024-12-07,HR,Delta Services,EMP107,INV2817,9301,Card,30857,9913,None
2024-02-24,HR,Zenith Corp,EMP102,INV3244,8334,Bank Transfer,26689,11209,None
2024-11-10,Finance,Alpha Supplies,EMP101,INV2831,2122,Bank Transfer,54882,8314,None
2023-01-01,HR,Delta Services,EMP106,INV2701,17215,Cash,34896,11948,None
2024-02-07,Finance,Om Industrial,EMP103,INV2147,11055,Card,53531,11897,None
2024-04-29,Operations,Zenith Corp,EMP106,INV2976,19816,Card,19311,6624,None
2023-06-23,Marketing,Zenith Corp,EMP103,INV2312,6147,Card,21646,10541,None
2023-02-14,Operations,Gamma Logistics,EMP104,INV2839,4531,Cash,56047,5520,None
2024-04-08,Operations,Rapid Parts,EMP999,INV2913,10019,Cash,39446,10069,Ghost Employee
2024-01-11,HR,Delta Services,EMP105,INV3071,12649,Bank Transfer,184035,8572,Revenue Inflation
2023-07-02,Finance,Gamma Logistics,EMP106,INV2523,11117,Cash,27393,6962,None
2024-03-09,Finance,Zenith Corp,EMP103,INV3469,1938,Cash,34623,10250,None
2025-04-10,Marketing,Gamma Logistics,EMP103,INV2265,19462,Cash,56654,6139,None
2024-04-01,Finance,Delta Services,EMP104,INV3916,16772,Cash,17065,3419,None
2024-04-29,IT,Beta Traders,EMP101,INV2277,16597,Cash,59335,11385,None
2024-11-27,Operations,Gamma Logistics,EMP105,INV2241,57567,Cash,24464,4475,Large Cash Payment
2024-07-31,HR,Delta Services,EMP101,INV2988,11496,Bank Transfer,46069,3897,None
2025-04-16,HR,Alpha Supplies,EMP107,INV2684,11001,Bank Transfer,43962,6117,None
2023-03-30,Operations,Gamma Logistics,EMP104,INV3138,10290,Card,43487,9468,None
2024-01-25,Finance,Zenith Corp,EMP104,INV2413,10493,Cash,13414,5158,None
2023-05-25,Operations,Gamma Logistics,EMP107,INV3882,15456,Bank Transfer,57792,3838,None
2023-11-28,Marketing,Alpha Supplies,EMP103,INV2410,10052,Cash,48803,6430,None
2023-07-04,HR,Delta Services,EMP103,INV2280,2104,Bank Transfer,49078,4178,Vendor Kickback
2023-06-18,HR,Delta Services,EMP102,INV3642,10163,Card,45025,6457,None
2023-04-14,Marketing,Delta Services,EMP101,INV2849,2148,Bank Transfer,53180,6666,None
2025-06-08,Marketing,Alpha Supplies,EMP106,INV3712,5747,Bank Transfer,29243,10312,None
2025-01-06,Operations,Beta Traders,EMP103,INV3722,18480,Cash,19954,6515,None
2023-06-09,Marketing,Rapid Parts,EMP103,INV3421,18382,Card,22986,4533,None
2023-04-28,Operations,Alpha Supplies,EMP107,INV3343,7396,Bank Transfer,215083,11590,Revenue Inflation
2023-04-06,Operations,Beta Traders,EMP104,INV3107,19633,Cash,23194,4448,None
2023-11-04,Finance,Alpha Supplies,EMP105,INV2705,543,Bank Transfer,19975,6184,None
2023-09-11,Operations,Gamma Logistics,EMP106,INV3613,4092,Bank Transfer,14549,7886,None
2023-06-15,IT,Om Industrial,EMP104,INV2081,1605,Bank Transfer,47960,11410,None
2023-12-28,HR,Alpha Supplies,EMP103,INV2736,5870,Card,53433,5780,None
2024-05-06,Operations,Gamma Logistics,EMP102,INV3800,3990,Bank Transfer,17672,6911,None
2023-09-09,Finance,Beta Traders,EMP105,INV2524,17106,Bank Transfer,22957,9011,None
2025-01-14,Finance,Zenith Corp,EMP105,INV2030,3612,Bank Transfer,13516,4732,None
2023-08-23,Marketing,Alpha Supplies,EMP107,INV2063,9156,Bank Transfer,35773,9946,None
2024-11-10,Marketing,Om Industrial,EMP102,INV3455,17308,Bank Transfer,26105,4018,None
2025-03-02,Operations,Delta Services,EMP103,INV3660,3252,Cash,48788,10565,Vendor Kickback
2023-04-01,Marketing,Zenith Corp,EMP102,INV3390,17257,Card,19911,5738,None
2024-12-03,Sales,Gamma Logistics,EMP106,INV2077,16219,Bank Transfer,44442,11148,None
2023-07-23,Sales,Zenith Corp,EMP106,INV2189,13979,Cash,48192,8721,None
2025-04-28,Sales,Rapid Parts,EMP103,INV3704,15774,Card,38529,5698,None
2025-02-04,HR,Om Industrial,EMP105,INV2139,4295,Card,59198,7128,None
2023-08-31,HR,Delta Services,EMP105,INV2802,2145,Card,51075,9468,None
2023-03-31,HR,Beta Traders,EMP106,INV3001,32248,Cash,29972,9989,Large Cash Payment
2024-02-25,IT,Om Industrial,EMP103,INV3116,11490,Bank Transfer,15445,6500,None
2023-04-01,HR,Gamma Logistics,EMP102,INV3353,78931,Cash,25842,11817,Large Cash Payment
2023-12-07,Marketing,Beta Traders,EMP103,INV3822,12019,Bank Transfer,30222,9461,None
2023-07-13,Marketing,Zenith Corp,EMP107,INV2018,17775,Cash,21491,3005,None
2024-11-23,HR,Alpha Supplies,EMP105,INV2276,12843,Card,53667,7150,None
2023-10-30,HR,Gamma Logistics,EMP103,INV3920,12816,Card,54338,11555,None
2023-01-19,HR,Alpha Supplies,EMP107,INV2772,18765,Bank Transfer,30391,10335,None
2023-02-05,Marketing,Gamma Logistics,EMP104,INV2295,9395,Bank Transfer,48505,6074,None
2024-08-26,HR,Rapid Parts,EMP103,INV3582,10041,Bank Transfer,11691,11917,None
2024-11-23,IT,Rapid Parts,EMP104,INV3414,12304,Card,31246,7546,None
2023-12-22,Finance,Beta Traders,EMP102,INV2630,5813,Bank Transfer,21185,11528,None
2025-03-06,Marketing,Gamma Logistics,EMP106,INV3825,10638,Cash,22933,10778,None
2023-11-24,IT,Delta Services,EMP107,INV2417,4185,Cash,42850,10376,None
2025-02-14,HR,Om Industrial,EMP104,INV3541,13991,Card,28047,4252,None
2025-05-21,Operations,Rapid Parts,EMP101,INV2084,884,Cash,55750,11719,None
2023-03-13,Finance,Om Industrial,EMP101,INV3708,14024,Card,30116,4823,None
2023-05-01,IT,Zenith Corp,EMP104,INV2819,11698,Card,42755,9431,None
2024-06-28,IT,Rapid Parts,EMP999,INV2273,9961,Card,32198,13700,Ghost Employee
2024-11-14,IT,Beta Traders,EMP105,INV3174,7510,Cash,54534,7486,None
2024-05-27,Sales,Alpha Supplies,EMP103,INV3799,12982,Card,18603,7710,None
2024-12-30,Finance,Alpha Supplies,EMP107,INV2559,17181,Card,24671,6491,None
2023-03-22,HR,Gamma Logistics,EMP101,INV3001,14000,Card,24312,8327,Duplicate Invoice
2023-03-02,Finance,Delta Services,EMP105,INV2081,1557,Card,40643,11812,None
2023-12-05,Marketing,Om Industrial,EMP105,INV3625,18738,Bank Transfer,28462,6423,None
2025-03-07,Finance,Beta Traders,EMP101,INV2766,14390,Cash,51288,4033,None
2024-02-23,Sales,Beta Traders,EMP106,INV2674,17917,Cash,14678,7124,None
2024-09-24,Operations,Delta Services,EMP102,INV2229,6723,Card,20850,9600,None
2024-03-25,HR,Zenith Corp,EMP102,INV3583,6946,Card,23184,7351,None
2023-01-24,Finance,Rapid Parts,EMP106,INV2128,1016,Card,23476,8798,None
2024-07-04,Operations,Gamma Logistics,EMP105,INV3157,5862,Card,33236,8172,None
2023-01-31,IT,Zenith Corp,EMP106,INV2218,11737,Bank Transfer,33847,5521,None
2025-03-24,Marketing,Gamma Logistics,EMP104,INV3153,17811,Bank Transfer,43288,7116,None
2023-07-17,Finance,Rapid Parts,EMP999,INV2329,13087,Cash,18770,9704,Ghost Employee
2024-04-19,Marketing,Zenith Corp,EMP101,INV3871,18004,Card,31192,4162,None
2023-07-30,Marketing,Alpha Supplies,EMP102,INV3803,13037,Cash,16426,4704,None
2024-10-13,IT,Rapid Parts,EMP106,INV3483,19183,Bank Transfer,40845,3880,None
2025-01-04,HR,Rapid Parts,EMP999,INV2242,5145,Cash,49260,13637,Ghost Employee
2025-03-17,Marketing,Delta Services,EMP103,INV2496,1754,Card,23115,4536,Vendor Kickback
2023-08-13,Sales,Zenith Corp,EMP106,INV3882,19441,Card,27233,9778,None
2025-02-16,Marketing,Rapid Parts,EMP101,INV2333,17837,Bank Transfer,31186,11390,None
2023-01-03,Sales,Alpha Supplies,EMP107,INV3029,3305,Card,15087,11806,None
2024-11-17,HR,Alpha Supplies,EMP105,INV2383,1288,Bank Transfer,40014,11306,None
2023-04-24,Finance,Om Industrial,EMP101,INV3387,12051,Card,15756,4540,None
2024-01-12,Operations,Gamma Logistics,EMP103,INV3001,14000,Cash,22584,8486,Duplicate Invoice
2024-06-16,IT,Delta Services,EMP104,INV3328,19325,Card,59715,6454,None
2025-01-03,HR,Rapid Parts,EMP101,INV3740,4924,Card,13592,10057,None
2023-09-16,Operations,Zenith Corp,EMP103,INV2782,11130,Bank Transfer,20625,4551,None
2025-02-19,Operations,Om Industrial,EMP107,INV3001,14000,Cash,45247,9757,Duplicate Invoice
2025-02-27,Marketing,Zenith Corp,EMP107,INV3001,14000,Cash,16871,5642,Duplicate Invoice
2023-05-05,Marketing,Delta Services,EMP102,INV3331,2249,Card,26053,11821,None
2024-10-08,Marketing,Alpha Supplies,EMP106,INV3546,9917,Bank Transfer,56812,3223,None
2024-03-24,Marketing,Om Industrial,EMP106,INV3542,9816,Card,26285,9404,None
2024-10-18,HR,Gamma Logistics,EMP105,INV2290,19870,Card,49181,4137,None
2024-07-02,Operations,Alpha Supplies,EMP101,INV3141,5160,Bank Transfer,57346,4849,None
2025-02-26,Sales,Delta Services,EMP102,INV2808,10434,Cash,55663,9700,None
2023-12-17,Marketing,Gamma Logistics,EMP107,INV3697,13213,Bank Transfer,16984,6706,None
2023-01-11,Sales,Zenith Corp,EMP102,INV3602,5678,Bank Transfer,53333,8111,None
2023-02-28,HR,Delta Services,EMP103,INV3195,19165,Bank Transfer,14066,6657,Vendor Kickback
2023-12-30,HR,Gamma Logistics,EMP105,INV2756,5033,Bank Transfer,34279,7122,None
2025-03-26,IT,Beta Traders,EMP103,INV3328,7839,Bank Transfer,24353,6177,None
2023-09-27,Sales,Zenith Corp,EMP101,INV3712,12867,Bank Transfer,25388,9051,None
2024-07-22,Sales,Rapid Parts,EMP104,INV2993,4359,Cash,21391,10856,None
2024-03-30,Operations,Delta Services,EMP102,INV2146,2377,Card,24575,11344,None
2025-05-28,Sales,Delta Services,EMP101,INV2114,17697,Cash,44179,6927,None
2024-04-16,Marketing,Zenith Corp,EMP106,INV3292,15344,Bank Transfer,16418,8207,None
2024-05-01,Marketing,Delta Services,EMP103,INV3285,856,Card,11603,11432,None
2025-03-02,Finance,Delta Services,EMP106,INV2297,12443,Bank Transfer,31103,9346,None
2023-07-06,Sales,Delta Services,EMP103,INV3846,15523,Card,39450,4342,Vendor Kickback
2023-07-16,Operations,Gamma Logistics,EMP106,INV3001,14000,Card,36344,4085,Duplicate Invoice
2023-03-09,Finance,Delta Services,EMP103,INV3377,16625,Card,50712,6477,None
2025-03-14,Marketing,Delta Services,EMP103,INV2833,1540,Cash,32489,5908,None
2025-05-07,Finance,Alpha Supplies,EMP102,INV2972,15381,Cash,56644,11976,None
2023-05-21,Finance,Om Industrial,EMP102,INV2343,2365,Cash,37711,6838,None
2024-11-08,Marketing,Beta Traders,EMP999,INV3981,9312,Card,16215,11372,Ghost Employee
2023-03-14,Marketing,Gamma Logistics,EMP107,INV2150,14265,Bank Transfer,34697,11673,None
2023-04-30,IT,Delta Services,EMP102,INV3200,17880,Card,44203,9054,None
2024-08-07,HR,Delta Services,EMP102,INV2843,8251,Cash,44331,9000,None
2023-08-06,Sales,Rapid Parts,EMP103,INV2696,16076,Cash,40507,5953,None
2023-08-01,IT,Om Industrial,EMP104,INV2759,8118,Bank Transfer,34909,8892,None
2023-08-09,Sales,Gamma Logistics,EMP101,INV3811,4956,Card,50369,9654,None
2024-08-13,Operations,Om Industrial,EMP103,INV2644,14826,Card,41568,5874,None
2023-04-30,Operations,Rapid Parts,EMP107,INV3299,7185,Card,56195,7072,None
2024-10-26,Sales,Gamma Logistics,EMP102,INV3740,15406,Card,22996,3747,None
2023-01-30,Sales,Alpha Supplies,EMP107,INV3425,3310,Bank Transfer,10257,7078,None
2023-08-31,Sales,Alpha Supplies,EMP101,INV3986,3399,Bank Transfer,19739,6249,None
2025-02-04,Operations,Delta Services,EMP107,INV3898,2301,Cash,27300,4375,None
2025-03-21,Operations,Zenith Corp,EMP106,INV3007,16941,Cash,22346,5311,None
2024-03-08,HR,Delta Services,EMP103,INV2637,8017,Bank Transfer,40962,4182,None
2025-04-03,Marketing,Delta Services,EMP103,INV3689,3557,Card,47029,10731,Vendor Kickback
2025-05-10,Marketing,Rapid Parts,EMP104,INV2867,16926,Cash,217212,11549,Revenue Inflation
2024-10-17,IT,Rapid Parts,EMP106,INV3846,6802,Card,23411,6013,None
2023-03-05,Operations,Beta Traders,EMP104,INV2812,10647,Card,44269,8168,None
2023-02-20,Marketing,Gamma Logistics,EMP105,INV3001,14000,Bank Transfer,40261,7016,Duplicate Invoice
2025-06-09,HR,Gamma Logistics,EMP106,INV2636,17842,Cash,16960,4227,None
2024-06-09,Operations,Beta Traders,EMP104,INV3577,14210,Cash,45060,9089,None
2024-04-11,Operations,Alpha Supplies,EMP106,INV3757,1724,Bank Transfer,14141,5112,None
2025-02-07,Operations,Rapid Parts,EMP107,INV2175,17532,Cash,35812,5372,None
2024-11-17,Sales,Beta Traders,EMP105,INV2647,2814,Card,44855,5686,None
2025-04-06,Operations,Delta Services,EMP106,INV3825,4539,Cash,40020,6978,None
2024-01-31,Marketing,Delta Services,EMP102,INV3553,9960,Card,35768,10622,None
2024-05-17,Finance,Alpha Supplies,EMP107,INV2056,8623,Cash,43608,7180,None
2023-06-26,Operations,Rapid Parts,EMP999,INV3350,6644,Card,13695,11083,Ghost Employee
2024-09-13,Operations,Alpha Supplies,EMP101,INV3677,10913,Bank Transfer,33975,7357,None
2023-08-21,IT,Alpha Supplies,EMP106,INV3547,19078,Card,52218,7003,None
2025-04-12,Finance,Gamma Logistics,EMP103,INV2779,11179,Card,30126,10159,None
2023-12-20,Operations,Zenith Corp,EMP102,INV3336,18279,Bank Transfer,45898,3786,None
2025-02-05,Marketing,Zenith Corp,EMP107,INV2739,11655,Card,153351,7085,Revenue Inflation
2023-03-14,IT,Om Industrial,EMP101,INV2406,2221,Card,51947,10570,None
2024-10-09,Operations,Om Industrial,EMP104,INV3513,10708,Cash,47569,8771,None
2024-04-01,HR,Delta Services,EMP101,INV2426,7313,Bank Transfer,45570,8936,None
2024-08-05,Finance,Alpha Supplies,EMP104,INV2048,14667,Card,38135,5146,None
2025-02-01,Marketing,Gamma Logistics,EMP101,INV2448,2393,Card,58336,9008,None
2023-07-26,Operations,Gamma Logistics,EMP103,INV3006,6621,Card,59294,11959,None
2025-05-01,Marketing,Om Industrial,EMP999,INV3864,1075,Bank Transfer,47296,13115,Ghost Employee
2025-05-21,Marketing,Rapid Parts,EMP106,INV3910,15652,Card,46697,5530,None
2023-05-20,Operations,Om Industrial,EMP999,INV2478,9544,Card,24184,11786,Ghost Employee
2025-01-04,Marketing,Beta Traders,EMP106,INV2475,8876,Card,21498,11465,None
2025-01-08,HR,Rapid Parts,EMP999,INV3455,19969,Cash,27861,9707,Ghost Employee
2025-06-08,Finance,Alpha Supplies,EMP107,INV2291,14100,Card,40144,8241,None
2025-01-08,Marketing,Beta Traders,EMP102,INV2730,13939,Bank Transfer,29869,10143,None
2024-08-26,Finance,Gamma Logistics,EMP101,INV2855,6516,Cash,38824,10859,None
2024-04-28,Marketing,Om Industrial,EMP105,INV2477,6044,Card,33054,4200,None
2024-03-11,HR,Gamma Logistics,EMP103,INV3321,13342,Card,245480,5495,Revenue Inflation
2024-06-05,HR,Rapid Parts,EMP106,INV3269,14674,Cash,20254,7886,None
2024-01-10,IT,Rapid Parts,EMP107,INV3170,19833,Cash,32286,6599,None
2023-05-20,Finance,Zenith Corp,EMP101,INV2902,16216,Cash,28001,11121,None
2024-10-16,Operations,Delta Services,EMP101,INV3248,13185,Cash,11098,7269,None
2023-10-10,IT,Gamma Logistics,EMP103,INV2044,12862,Bank Transfer,22658,4240,None
2023-08-13,Operations,Alpha Supplies,EMP104,INV3939,4009,Bank Transfer,46103,5357,None
2025-05-07,HR,Beta Traders,EMP101,INV2864,13140,Cash,51259,4526,None
2023-02-27,Sales,Beta Traders,EMP101,INV3450,11241,Bank Transfer,17362,5760,None
2023-07-22,IT,Gamma Logistics,EMP101,INV2837,13308,Cash,39239,7150,None
2023-07-04,Operations,Delta Services,EMP103,INV2912,2431,Card,50776,11687,Vendor Kickback
2024-08-12,IT,Alpha Supplies,EMP104,INV3352,11542,Bank Transfer,43512,9486,None
2023-05-26,HR,Delta Services,EMP102,INV3414,5632,Cash,197442,3075,Revenue Inflation
2024-11-16,IT,Beta Traders,EMP105,INV2683,13895,Card,48015,10857,None
2023-10-03,HR,Beta Traders,EMP107,INV3187,640,Card,30858,8346,None
2024-08-10,IT,Zenith Corp,EMP105,INV3007,3218,Cash,19770,3760,None
2024-12-22,Finance,Alpha Supplies,EMP101,INV2770,3871,Bank Transfer,17450,7532,None
2023-03-25,HR,Rapid Parts,EMP104,INV2073,3697,Cash,57304,11091,None
2024-06-04,IT,Om Industrial,EMP105,INV2934,9597,Card,36296,8205,None
2025-05-06,HR,Beta Traders,EMP107,INV3232,2253,Cash,58296,11862,None
2025-04-14,IT,Om Industrial,EMP101,INV2177,1337,Cash,12255,4340,None
2025-05-10,Marketing,Om Industrial,EMP102,INV3321,4435,Card,42777,6046,None
2025-05-28,Operations,Zenith Corp,EMP102,INV2452,2496,Cash,50164,5639,None
2024-03-30,IT,Beta Traders,EMP101,INV3396,10748,Cash,58806,3990,None
2023-09-23,HR,Beta Traders,EMP105,INV2651,18657,Bank Transfer,20993,9637,None
2024-07-30,Finance,Gamma Logistics,EMP101,INV2672,19812,Cash,32466,5656,None
2024-08-19,IT,Gamma Logistics,EMP103,INV2364,18439,Card,11878,8142,None
2024-01-14,HR,Om Industrial,EMP107,INV2984,12372,Card,45601,6240,None
2023-07-14,HR,Gamma Logistics,EMP103,INV2131,19720,Bank Transfer,10644,9889,None
2025-02-10,HR,Zenith Corp,EMP102,INV3897,9894,Bank Transfer,156454,4650,Revenue Inflation
2023-03-31,Finance,Gamma Logistics,EMP999,INV3055,789,Card,32939,10660,Ghost Employee
2023-07-03,Sales,Zenith Corp,EMP999,INV2547,4485,Bank Transfer,31200,13887,Ghost Employee
2025-04-30,Sales,Rapid Parts,EMP104,INV3053,9360,Card,38037,5423,None
2024-03-13,HR,Om Industrial,EMP105,INV2761,5779,Cash,46127,8987,None
2023-06-05,Finance,Beta Traders,EMP101,INV2633,5744,Bank Transfer,47166,11237,None
2023-01-16,Marketing,Rapid Parts,EMP101,INV2484,5103,Cash,25853,3094,None
2024-03-15,Sales,Gamma Logistics,EMP104,INV2926,2103,Bank Transfer,25652,11242,None
2023-03-26,Sales,Zenith Corp,EMP103,INV2867,3083,Cash,14862,8054,None
2023-11-29,Finance,Alpha Supplies,EMP106,INV3202,5938,Cash,42621,3744,None
2023-03-01,Sales,Gamma Logistics,EMP105,INV2209,2065,Cash,58660,11534,None
2023-09-23,Sales,Rapid Parts,EMP104,INV2007,15805,Bank Transfer,53375,6649,None
2024-01-09,Operations,Gamma Logistics,EMP102,INV2455,11319,Card,36263,3620,None
2023-02-28,Operations,Om Industrial,EMP102,INV2783,3772,Card,54593,11229,None
2025-04-08,Sales,Delta Services,EMP103,INV2259,16016,Card,14398,5315,None
2024-08-15,HR,Rapid Parts,EMP101,INV3642,4199,Bank Transfer,25730,8276,None
2024-12-13,IT,Zenith Corp,EMP103,INV2331,9574,Card,38700,10172,None
2023-08-29,HR,Delta Services,EMP103,INV2235,48175,Cash,16026,9235,Large Cash Payment
2024-08-27,HR,Gamma Logistics,EMP107,INV2905,19775,Card,22880,11735,None
2023-12-30,Finance,Om Industrial,EMP105,INV3350,9590,Bank Transfer,18433,11239,None
2024-06-28,Sales,Gamma Logistics,EMP103,INV3599,15110,Card,43907,9143,None
2024-07-11,IT,Gamma Logistics,EMP103,INV3676,1543,Card,41626,7207,None
2024-12-27,Operations,Gamma Logistics,EMP104,INV3501,12308,Bank Transfer,25322,6397,None
2024-01-11,Operations,Rapid Parts,EMP101,INV3001,14000,Card,36845,8908,Duplicate Invoice
2023-11-09,Marketing,Zenith Corp,EMP107,INV2967,11540,Cash,57162,4778,None
2024-05-13,Marketing,Alpha Supplies,EMP106,INV3776,14266,Cash,28911,10196,None
2023-10-15,Marketing,Alpha Supplies,EMP106,INV3744,1702,Cash,13532,5835,None
2023-10-06,IT,Delta Services,EMP105,INV2041,8864,Card,35562,9421,None
2023-11-25,HR,Gamma Logistics,EMP102,INV2423,6674,Bank Transfer,47972,3333,None
2025-05-25,Marketing,Zenith Corp,EMP102,INV3001,14000,Cash,17948,8275,Duplicate Invoice
2023-05-06,IT,Beta Traders,EMP102,INV3874,14146,Cash,11008,8950,None
2023-09-07,Marketing,Gamma Logistics,EMP105,INV3064,1743,Cash,236951,7976,Revenue Inflation
2023-08-22,Marketing,Om Industrial,EMP105,INV3123,15884,Card,20472,9344,None
2024-03-26,IT,Delta Services,EMP103,INV2138,570,Bank Transfer,15962,4531,Vendor Kickback
2024-12-19,Operations,Gamma Logistics,EMP105,INV2205,6045,Card,44595,11365,None
2025-06-17,Operations,Delta Services,EMP103,INV3153,18825,Card,28611,7488,None
2024-01-10,HR,Delta Services,EMP999,INV2672,5007,Cash,32191,14427,Ghost Employee
2023-07-22,IT,Rapid Parts,EMP105,INV2529,13800,Cash,21292,6812,None
2023-01-30,Operations,Delta Services,EMP102,INV3383,13655,Card,42572,3691,None
2023-06-28,Operations,Rapid Parts,EMP102,INV2278,16941,Card,53165,5812,None
2024-05-09,Sales,Rapid Parts,EMP105,INV2632,9469,Bank Transfer,54474,7931,None
2025-05-03,IT,Beta Traders,EMP106,INV3160,10977,Card,59356,5068,None
2023-03-02,Sales,Rapid Parts,EMP101,INV3212,1587,Card,57716,11391,None
2024-06-17,Finance,Alpha Supplies,EMP101,INV2178,14918,Bank Transfer,44913,10437,None
2024-09-09,Operations,Alpha Supplies,EMP102,INV3862,2665,Cash,11472,4182,None
2025-01-22,Marketing,Alpha Supplies,EMP107,INV3132,9705,Cash,13860,3090,None
2024-09-19,Marketing,Om Industrial,EMP107,INV2950,18286,Cash,39880,9171,None
2024-06-06,HR,Beta Traders,EMP102,INV2093,13479,Cash,16224,6671,None
2023-01-28,HR,Om Industrial,EMP107,INV2821,12196,Card,20482,6436,None
2024-06-21,IT,Zenith Corp,EMP102,INV3987,15961,Bank Transfer,23737,11303,None
2025-04-11,Operations,Alpha Supplies,EMP103,INV2987,4471,Cash,34699,7618,None
2023-11-06,Marketing,Gamma Logistics,EMP107,INV3231,18605,Card,55920,5055,None
2024-11-25,IT,Delta Services,EMP107,INV2387,14812,Cash,20232,4650,None
2024-02-02,Sales,Gamma Logistics,EMP102,INV3721,19422,Bank Transfer,20567,6112,None
2025-05-06,Marketing,Alpha Supplies,EMP101,INV3821,1755,Cash,45252,4669,None
2024-08-09,Operations,Beta Traders,EMP106,INV2982,3917,Cash,52162,4068,None
2023-03-03,Sales,Zenith Corp,EMP105,INV2421,8639,Bank Transfer,26754,4377,None
2023-11-04,Operations,Delta Services,EMP102,INV2233,14051,Bank Transfer,10541,6661,None
2023-01-24,Operations,Beta Traders,EMP102,INV3550,10769,Bank Transfer,36984,9360,None
2024-09-25,HR,Zenith Corp,EMP105,INV3197,14822,Cash,59651,11697,None
2024-11-07,Marketing,Alpha Supplies,EMP105,INV3848,19335,Cash,46530,7015,None
2023-01-10,HR,Alpha Supplies,EMP103,INV3726,5671,Cash,40801,6156,None
2023-05-27,HR,Rapid Parts,EMP104,INV2044,10208,Bank Transfer,38942,9257,None
2023-02-19,Operations,Rapid Parts,EMP101,INV2626,10176,Bank Transfer,55117,11943,None
2023-11-03,HR,Alpha Supplies,EMP107,INV3261,6387,Cash,51725,9470,None
2024-03-30,IT,Delta Services,EMP101,INV3984,12954,Bank Transfer,31087,6274,None
2024-07-23,Sales,Gamma Logistics,EMP107,INV3334,1882,Card,27206,10355,None
2023-10-10,Finance,Gamma Logistics,EMP102,INV2871,6113,Card,27878,5435,None
2023-02-04,HR,Om Industrial,EMP999,INV2900,19706,Cash,16706,12075,Ghost Employee
2024-01-08,IT,Beta Traders,EMP107,INV2055,1017,Bank Transfer,43014,5475,None
2024-06-14,Operations,Alpha Supplies,EMP102,INV2515,14953,Cash,30496,6948,None
2024-02-23,Sales,Gamma Logistics,EMP105,INV2876,3791,Bank Transfer,47495,4048,None
2024-05-23,Finance,Gamma Logistics,EMP102,INV2576,1200,Cash,48383,10477,None
2024-06-12,Marketing,Delta Services,EMP103,INV2648,4266,Cash,43022,11335,None
2024-09-01,IT,Om Industrial,EMP102,INV3937,8927,Cash,18841,6342,None
2025-06-03,Operations,Rapid Parts,EMP102,INV2817,6856,Cash,21403,10578,None
2024-10-27,IT,Om Industrial,EMP106,INV3962,6762,Bank Transfer,35627,9423,None
2024-10-27,HR,Gamma Logistics,EMP104,INV3055,13601,Card,22315,9483,None
2024-07-23,Sales,Delta Services,EMP101,INV3464,2993,Bank Transfer,33554,5825,None
2023-11-16,Marketing,Om Industrial,EMP103,INV2348,6292,Card,20202,4451,None
2024-06-21,HR,Beta Traders,EMP999,INV3736,7828,Card,28913,12567,Ghost Employee
2023-08-14,Sales,Delta Services,EMP104,INV3610,12793,Cash,163047,3006,Revenue Inflation
2024-03-05,Finance,Om Industrial,EMP106,INV2918,8566,Bank Transfer,23954,7697,None
2023-05-08,Finance,Zenith Corp,EMP107,INV3658,19722,Bank Transfer,46030,10948,None
2023-12-21,Marketing,Delta Services,EMP102,INV3609,19279,Bank Transfer,49268,8502,None
2023-02-18,Finance,Om Industrial,EMP103,INV2682,1749,Bank Transfer,56293,7164,None
2024-03-16,IT,Zenith Corp,EMP105,INV2956,15631,Cash,17195,8205,None
2024-12-24,Marketing,Beta Traders,EMP102,INV3366,16654,Bank Transfer,22325,8477,None
2024-10-08,Sales,Zenith Corp,EMP102,INV3001,14000,Bank Transfer,39658,4102,Duplicate Invoice
2023-03-30,Marketing,Delta Services,EMP102,INV2841,19711,Bank Transfer,32241,6896,None
2024-06-01,Sales,Delta Services,EMP103,INV2414,14628,Card,31997,6629,Vendor Kickback
2025-05-29,HR,Zenith Corp,EMP104,INV3714,12742,Cash,48395,4616,None
2023-03-09,Finance,Delta Services,EMP999,INV3007,3897,Cash,36502,14994,Ghost Employee
2024-09-05,Operations,Delta Services,EMP107,INV3361,14304,Bank Transfer,53802,7531,None
2024-08-13,Sales,Delta Services,EMP104,INV2679,2220,Cash,45587,8028,None
2024-11-06,IT,Alpha Supplies,EMP104,INV3983,19514,Card,50848,5396,None
2023-10-24,Marketing,Rapid Parts,EMP101,INV3567,2454,Cash,12024,7003,None
2025-02-02,Finance,Rapid Parts,EMP106,INV3258,11165,Card,16618,5323,None
2025-04-02,Finance,Delta Services,EMP999,INV2038,12646,Cash,27742,13487,Ghost Employee
2024-11-28,Operations,Rapid Parts,EMP101,INV2319,32982,Cash,18768,9221,Large Cash Payment
2025-02-07,Sales,Beta Traders,EMP104,INV3659,5540,Bank Transfer,25015,8033,None
2025-02-23,IT,Beta Traders,EMP107,INV3704,17593,Card,18479,8370,None
2025-05-19,IT,Rapid Parts,EMP105,INV3238,8745,Cash,22023,11893,None
2024-11-20,Marketing,Zenith Corp,EMP101,INV2627,706,Cash,16433,8292,None
2024-03-29,Operations,Delta Services,EMP103,INV2331,6393,Cash,14811,6397,Vendor Kickback
2024-04-09,IT,Rapid Parts,EMP101,INV2239,15232,Card,36010,3509,None
2025-03-14,Operations,Delta Services,EMP105,INV3795,4668,Card,14391,9308,None
2023-11-30,Marketing,Delta Services,EMP103,INV2621,16249,Card,50796,9223,None
2025-06-02,IT,Delta Services,EMP999,INV2211,13445,Cash,42897,12132,Ghost Employee
2025-05-05,IT,Zenith Corp,EMP103,INV3140,4547,Card,35715,4380,None
2024-04-01,Operations,Zenith Corp,EMP104,INV3253,16163,Card,21355,5276,None
2025-03-28,Finance,Alpha Supplies,EMP103,INV3794,12762,Cash,37987,6500,None
2025-01-18,HR,Alpha Supplies,EMP101,INV2768,10663,Bank Transfer,37176,6322,None
2024-03-19,Sales,Gamma Logistics,EMP104,INV2631,2755,Bank Transfer,17527,11500,None
2023-12-26,HR,Om Industrial,EMP104,INV3923,8359,Bank Transfer,45569,11310,None
2025-01-18,IT,Delta Services,EMP101,INV2423,17246,Card,20431,3879,None
2024-05-25,IT,Zenith Corp,EMP103,INV3091,13913,Card,12788,4257,None
2023-06-06,HR,Om Industrial,EMP107,INV2137,12344,Cash,46262,5320,None
2025-05-31,HR,Rapid Parts,EMP104,INV2760,9648,Card,25265,10302,None
2025-01-02,Marketing,Gamma Logistics,EMP107,INV3561,13368,Card,22493,4067,None
2025-04-08,Operations,Alpha Supplies,EMP105,INV3001,14000,Cash,10844,8225,Duplicate Invoice
2024-05-26,HR,Beta Traders,EMP105,INV2426,10286,Bank Transfer,46769,8734,None
2024-01-23,Sales,Alpha Supplies,EMP107,INV3206,1475,Card,55384,11933,None
2025-03-13,Finance,Rapid Parts,EMP105,INV2074,16534,Bank Transfer,24294,10693,None
2024-12-05,HR,Zenith Corp,EMP102,INV2583,7250,Cash,42226,11767,None
2023-04-09,HR,Gamma Logistics,EMP103,INV2300,19426,Bank Transfer,37127,5833,None
2023-04-09,Finance,Gamma Logistics,EMP103,INV3315,9348,Cash,28571,10454,None
2025-01-16,Operations,Alpha Supplies,EMP102,INV3596,11019,Bank Transfer,38197,6251,None
2023-10-16,Operations,Alpha Supplies,EMP105,INV2748,7450,Bank Transfer,51807,4911,None
2024-08-15,Operations,Delta Services,EMP104,INV3059,17733,Cash,32513,3696,None
2023-05-18,Finance,Beta Traders,EMP103,INV3001,14000,Card,26180,7058,Duplicate Invoice
2025-05-04,IT,Delta Services,EMP103,INV2393,47522,Cash,37867,6778,Large Cash Payment
2023-05-01,Finance,Delta Services,EMP102,INV3953,6216,Card,43875,4578,None
2025-02-22,Sales,Gamma Logistics,EMP104,INV3608,11573,Cash,23578,9520,None
2024-07-12,HR,Om Industrial,EMP101,INV3230,7846,Cash,32086,4638,None
2024-12-02,Sales,Alpha Supplies,EMP104,INV2608,1920,Card,40335,9298,None
2023-01-26,Marketing,Beta Traders,EMP104,INV3759,7192,Bank Transfer,54387,8640,None
2024-11-16,HR,Alpha Supplies,EMP105,INV3240,1936,Card,11035,5071,None
2023-09-17,IT,Gamma Logistics,EMP101,INV3081,9364,Card,27750,3673,None
2023-05-31,HR,Alpha Supplies,EMP106,INV2552,19604,Card,204937,5149,Revenue Inflation
2024-06-02,Finance,Alpha Supplies,EMP104,INV2829,1884,Card,42307,5228,None
2025-06-16,IT,Beta Traders,EMP105,INV2174,9220,Cash,17553,6919,None
2024-06-08,Marketing,Beta Traders,EMP105,INV2188,1043,Bank Transfer,25160,8382,None
2024-05-04,HR,Delta Services,EMP107,INV3553,7412,Card,29767,9684,None
2024-04-19,Marketing,Zenith Corp,EMP104,INV3137,11774,Bank Transfer,31897,6423,None
2025-01-11,Operations,Rapid Parts,EMP106,INV3596,17542,Card,47926,11453,None
2024-08-25,Finance,Alpha Supplies,EMP104,INV2109,19262,Cash,31605,5113,None
2024-02-05,Operations,Beta Traders,EMP104,INV3001,14000,Cash,38875,4480,Duplicate Invoice
2024-01-11,Finance,Alpha Supplies,EMP102,INV3789,5458,Bank Transfer,56514,3841,None
2023-08-29,Marketing,Zenith Corp,EMP106,INV3690,8850,Cash,39119,10694,None
2023-04-28,HR,Gamma Logistics,EMP105,INV3873,15548,Card,13965,5377,None
2024-08-16,Finance,Delta Services,EMP107,INV3425,3766,Bank Transfer,37586,3128,None
2024-08-24,Operations,Beta Traders,EMP104,INV3829,19273,Bank Transfer,15917,8320,None
2023-12-05,Operations,Rapid Parts,EMP101,INV2226,1120,Card,36897,7102,None
2024-04-03,Finance,Alpha Supplies,EMP103,INV3768,6107,Bank Transfer,45114,8015,None
2024-08-22,IT,Rapid Parts,EMP103,INV2600,5612,Card,55953,7292,None
2023-05-15,Operations,Beta Traders,EMP106,INV3676,13446,Bank Transfer,36463,7996,None
2023-02-19,HR,Delta Services,EMP107,INV3876,6277,Cash,31857,11607,None
2024-01-04,IT,Rapid Parts,EMP107,INV3223,17757,Card,19003,6389,None
2023-01-03,HR,Rapid Parts,EMP106,INV2141,6609,Cash,15991,7258,None
2023-10-26,Operations,Zenith Corp,EMP103,INV3429,2283,Card,47529,4859,None
2025-04-21,IT,Rapid Parts,EMP105,INV3001,8434,Bank Transfer,59371,11917,None
2025-05-18,IT,Zenith Corp,EMP101,INV3602,12179,Card,56480,7867,None
2024-10-20,Operations,Rapid Parts,EMP106,INV2558,9482,Cash,25341,4421,None
2024-03-22,Marketing,Gamma Logistics,EMP103,INV3772,5893,Card,43465,11456,None
2023-02-01,Finance,Beta Traders,EMP999,INV2278,16109,Card,48025,11604,Ghost Employee
2025-05-06,Finance,Beta Traders,EMP101,INV2263,6517,Bank Transfer,29290,7986,None
2023-06-11,HR,Zenith Corp,EMP104,INV3349,18277,Bank Transfer,30919,7837,None
2023-11-07,Finance,Delta Services,EMP102,INV2491,18591,Cash,34236,9615,None
2023-04-07,Finance,Zenith Corp,EMP107,INV3777,19260,Card,47185,4926,None
2024-02-22,Sales,Alpha Supplies,EMP105,INV3445,6401,Bank Transfer,27039,9905,None
2024-01-16,HR,Gamma Logistics,EMP103,INV2943,15470,Bank Transfer,32264,3716,None
2023-02-26,HR,Gamma Logistics,EMP106,INV3400,13728,Card,59812,8834,None
2023-03-14,Operations,Delta Services,EMP103,INV3420,3275,Card,53049,6196,Vendor Kickback
2024-07-21,IT,Om Industrial,EMP102,INV2184,18144,Card,26330,5184,None
2025-04-06,Sales,Zenith Corp,EMP106,INV2461,2194,Bank Transfer,57402,3174,None
2025-02-27,Finance,Beta Traders,EMP102,INV3001,14000,Card,28209,10846,Duplicate Invoice
2024-07-26,IT,Rapid Parts,EMP107,INV2893,12422,Bank Transfer,54869,5069,None
2023-12-06,HR,Rapid Parts,EMP101,INV3130,16536,Card,10587,5438,None
2023-01-29,Sales,Rapid Parts,EMP104,INV2156,15868,Bank Transfer,47352,4449,None
2024-03-31,Finance,Om Industrial,EMP107,INV2631,19507,Cash,49502,11688,None
2024-03-17,Sales,Alpha Supplies,EMP104,INV3458,11823,Card,45537,5066,None
2023-08-15,Operations,Beta Traders,EMP102,INV3001,14000,Bank Transfer,13702,7692,Duplicate Invoice
2024-02-03,Operations,Om Industrial,EMP106,INV3411,19306,Card,40874,5783,None
2024-09-23,HR,Gamma Logistics,EMP102,INV3748,1404,Card,21517,11001,None
2023-12-03,Operations,Alpha Supplies,EMP105,INV3224,13193,Cash,32154,4840,None
2023-01-24,Sales,Om Industrial,EMP107,INV3501,18290,Cash,24400,8141,None
2023-12-06,Sales,Gamma Logistics,EMP105,INV2540,17976,Bank Transfer,14776,8908,None
2023-09-20,Sales,Zenith Corp,EMP107,INV3001,61161,Cash,26683,7838,Large Cash Payment
2023-04-08,Sales,Om Industrial,EMP103,INV2713,8848,Card,19409,4606,None
2024-04-05,Marketing,Zenith Corp,EMP102,INV3656,17949,Card,43982,7504,None
2023-09-14,Finance,Delta Services,EMP105,INV2173,7025,Card,45558,3403,None
2024-03-25,IT,Gamma Logistics,EMP102,INV3001,14000,Cash,22618,10029,Duplicate Invoice
2025-04-06,HR,Om Industrial,EMP107,INV3001,14000,Card,59430,3085,Duplicate Invoice
2023-09-27,Finance,Beta Traders,EMP102,INV2428,15283,Bank Transfer,51906,4229,None
2023-04-26,Operations,Gamma Logistics,EMP104,INV3628,5819,Cash,40866,9591,None
2024-10-04,Finance,Alpha Supplies,EMP104,INV2150,3944,Cash,53898,6939,None
2024-04-28,Marketing,Delta Services,EMP106,INV3016,14371,Card,40384,6048,None
2023-06-13,Marketing,Gamma Logistics,EMP103,INV2507,8259,Card,55243,10303,None
2024-07-05,Marketing,Rapid Parts,EMP107,INV2707,7963,Bank Transfer,14276,8424,None
2025-06-19,Sales,Delta Services,EMP103,INV3187,2837,Cash,44164,3599,Vendor Kickback
2025-05-26,Operations,Gamma Logistics,EMP104,INV3330,12224,Bank Transfer,45512,6157,None
2023-11-25,Finance,Rapid Parts,EMP107,INV3364,1696,Bank Transfer,10900,7899,None
2024-02-04,IT,Om Industrial,EMP107,INV2729,14865,Card,51604,3271,None
2025-04-30,HR,Zenith Corp,EMP999,INV2640,15717,Card,44868,9594,Ghost Employee
2024-03-28,Sales,Zenith Corp,EMP107,INV3754,14180,Card,57566,4828,None
2023-10-03,Sales,Alpha Supplies,EMP999,INV3957,17412,Card,35934,13251,Ghost Employee
2024-02-29,Finance,Rapid Parts,EMP107,INV3084,5918,Card,15379,3130,None
2024-02-05,Operations,Zenith Corp,EMP101,INV3024,4697,Cash,23054,11128,None
2025-02-01,Marketing,Delta Services,EMP106,INV3737,1845,Cash,58313,8551,None
2023-04-19,Sales,Delta Services,EMP103,INV3769,33203,Cash,57930,4434,Large Cash Payment
2023-08-21,IT,Om Industrial,EMP105,INV2550,8334,Cash,19736,8659,None
2024-06-05,Operations,Delta Services,EMP101,INV2465,18197,Bank Transfer,29763,10893,None
2025-03-15,HR,Om Industrial,EMP103,INV3622,18266,Bank Transfer,14817,5075,None
2023-01-21,Marketing,Beta Traders,EMP104,INV2530,18266,Bank Transfer,35046,8990,None
2025-05-26,IT,Gamma Logistics,EMP999,INV3001,14000,Cash,19629,10911,Ghost Employee
2023-03-24,HR,Delta Services,EMP999,INV3825,16365,Bank Transfer,18007,10509,Ghost Employee
2024-09-25,Marketing,Om Industrial,EMP106,INV3001,14000,Card,53115,4127,Duplicate Invoice
2023-03-19,Marketing,Zenith Corp,EMP101,INV2237,11846,Cash,46934,6281,None
2023-09-24,Sales,Delta Services,EMP105,INV2478,14145,Card,35016,7146,None
2025-06-03,HR,Gamma Logistics,EMP102,INV3074,5155,Card,42349,6436,None
2023-03-20,HR,Delta Services,EMP103,INV2448,3374,Cash,48769,4044,Vendor Kickback
2025-02-11,Operations,Alpha Supplies,EMP101,INV2862,19808,Bank Transfer,32286,11677,None
2025-05-09,HR,Rapid Parts,EMP102,INV3987,1969,Card,59807,7901,None
2024-03-17,Marketing,Zenith Corp,EMP104,INV3002,2861,Card,37063,9994,None
2025-03-30,HR,Rapid Parts,EMP103,INV3425,16737,Card,39298,3705,None
2025-05-04,Sales,Gamma Logistics,EMP103,INV2153,16359,Cash,21251,4156,None
2024-09-25,Sales,Beta Traders,EMP104,INV2176,18830,Card,28434,9007,None
2024-09-11,Sales,Zenith Corp,EMP107,INV3978,4847,Bank Transfer,34175,6377,None
2024-08-21,Sales,Om Industrial,EMP105,INV3217,19922,Card,31915,6863,None
2024-08-01,Operations,Alpha Supplies,EMP106,INV3316,14147,Cash,28588,11028,None
2024-05-11,IT,Gamma Logistics,EMP102,INV2236,18444,Card,40744,6446,None
2024-12-30,Sales,Gamma Logistics,EMP107,INV2731,3792,Bank Transfer,24705,11064,None
2023-06-04,Sales,Delta Services,EMP102,INV3175,7100,Bank Transfer,49462,11148,None
2023-09-27,HR,Rapid Parts,EMP106,INV3737,17177,Bank Transfer,16964,7657,None
2023-06-18,Marketing,Beta Traders,EMP106,INV3872,17282,Card,18761,10540,None
2023-11-13,Sales,Gamma Logistics,EMP107,INV2141,15698,Cash,35466,6774,None
2023-09-10,IT,Om Industrial,EMP102,INV2643,3930,Bank Transfer,31223,10476,None
2024-02-17,Finance,Alpha Supplies,EMP107,INV2133,3612,Cash,37757,4360,None
2023-11-28,Sales,Alpha Supplies,EMP106,INV2726,17568,Cash,56973,4603,None
2025-02-03,Operations,Delta Services,EMP107,INV3415,11234,Bank Transfer,17887,4408,None
2024-07-23,Operations,Alpha Supplies,EMP999,INV3958,15989,Bank Transfer,49256,10098,Ghost Employee
2024-10-01,HR,Zenith Corp,EMP107,INV2158,820,Bank Transfer,27181,5875,None
2023-12-11,Finance,Beta Traders,EMP105,INV3242,6444,Bank Transfer,50223,6202,None
2023-07-02,Sales,Rapid Parts,EMP101,INV2591,4000,Card,57982,7110,None
2024-08-17,Finance,Beta Traders,EMP101,INV2754,2395,Cash,40383,10119,None
2023-11-26,Sales,Om Industrial,EMP104,INV2041,5427,Card,27109,11316,None
2024-10-06,Sales,Alpha Supplies,EMP103,INV3044,4784,Cash,44900,3476,None
2023-05-20,HR,Delta Services,EMP103,INV2633,8626,Cash,48442,4166,Vendor Kickback
2024-03-28,Operations,Gamma Logistics,EMP106,INV2747,12887,Bank Transfer,15844,6761,None
2023-09-20,Operations,Zenith Corp,EMP101,INV3001,19268,Card,196111,10943,Revenue Inflation
2024-04-20,IT,Alpha Supplies,EMP104,INV2724,11041,Bank Transfer,15660,6240,None
2025-02-19,IT,Beta Traders,EMP101,INV3435,12737,Bank Transfer,49109,9241,None
2024-06-16,Finance,Zenith Corp,EMP101,INV2706,1947,Bank Transfer,54473,5038,None
2025-06-04,Sales,Rapid Parts,EMP107,INV3966,15686,Cash,32375,9751,None
2024-07-24,Finance,Zenith Corp,EMP107,INV3245,3946,Cash,21907,8370,None
2025-05-20,Marketing,Rapid Parts,EMP102,INV3610,2975,Bank Transfer,34813,11895,None
2023-06-27,Finance,Zenith Corp,EMP107,INV3008,5188,Card,31394,11854,None
2024-03-06,Finance,Gamma Logistics,EMP106,INV2323,5752,Bank Transfer,41718,7856,None
2023-03-02,HR,Gamma Logistics,EMP107,INV2175,3981,Cash,41865,4555,None
2024-03-14,HR,Delta Services,EMP107,INV3195,17598,Bank Transfer,14811,5998,None
2024-08-04,HR,Zenith Corp,EMP105,INV2263,16637,Cash,46189,9291,None
2023-03-15,Marketing,Rapid Parts,EMP103,INV2579,8435,Cash,17460,10187,None
2024-07-09,Marketing,Zenith Corp,EMP107,INV2841,875,Cash,33697,9051,None
2024-06-06,Sales,Delta Services,EMP101,INV3405,2873,Cash,45040,5396,None
2023-01-24,Operations,Om Industrial,EMP106,INV2415,17357,Cash,16479,4709,None
2024-01-08,Sales,Gamma Logistics,EMP107,INV2140,8519,Card,35489,6496,None
2024-01-09,Marketing,Om Industrial,EMP103,INV3326,18744,Bank Transfer,42256,4217,None
2023-01-15,HR,Beta Traders,EMP105,INV2652,2516,Bank Transfer,58416,11418,None
2025-03-20,HR,Beta Traders,EMP103,INV2956,18441,Bank Transfer,32175,5922,None
2024-05-07,Sales,Om Industrial,EMP101,INV2671,15670,Bank Transfer,47910,4265,None
2024-06-29,IT,Beta Traders,EMP106,INV3677,15578,Card,52851,7543,None
2024-06-02,IT,Alpha Supplies,EMP107,INV2120,1912,Cash,19012,9683,None
2024-05-29,IT,Delta Services,EMP101,INV2669,14206,Cash,44127,9592,None
2023-12-26,Operations,Beta Traders,EMP106,INV3385,11868,Bank Transfer,21893,8969,None
2024-06-30,HR,Alpha Supplies,EMP103,INV3301,13988,Cash,29104,8410,None
2024-03-07,Sales,Alpha Supplies,EMP103,INV2715,5307,Cash,50168,6011,None
2023-09-09,IT,Zenith Corp,EMP102,INV3547,19453,Bank Transfer,15494,7117,None
2024-11-03,HR,Om Industrial,EMP104,INV2974,12444,Bank Transfer,17665,9118,None
2024-01-18,Finance,Gamma Logistics,EMP103,INV2429,1182,Cash,14228,5106,None
2023-06-20,Sales,Zenith Corp,EMP104,INV3998,6789,Bank Transfer,28786,9140,None
2023-05-30,IT,Rapid Parts,EMP105,INV2249,7131,Cash,38091,7604,None
2025-04-30,HR,Alpha Supplies,EMP102,INV3576,18683,Bank Transfer,13717,8335,None
2023-07-28,Finance,Delta Services,EMP102,INV3643,6854,Cash,25214,3795,None
2024-01-03,IT,Alpha Supplies,EMP105,INV3441,13317,Cash,37546,3611,None
2023-02-15,HR,Gamma Logistics,EMP999,INV3001,14000,Cash,45402,9178,Ghost Employee
2025-05-03,HR,Beta Traders,EMP102,INV3148,4190,Card,44218,10142,None
2023-02-13,IT,Beta Traders,EMP107,INV2249,7603,Bank Transfer,14923,9653,None
2024-02-04,Finance,Rapid Parts,EMP104,INV3946,14484,Bank Transfer,40716,7839,None
2025-02-20,Marketing,Om Industrial,EMP105,INV3859,16670,Cash,17685,4021,None
2025-04-01,IT,Delta Services,EMP103,INV3340,55455,Cash,50709,11840,Large Cash Payment
2023-05-11,Finance,Alpha Supplies,EMP999,INV2274,3526,Bank Transfer,59397,11949,Ghost Employee
2025-01-21,Finance,Om Industrial,EMP101,INV2382,15639,Cash,22054,9747,None
2024-07-10,Operations,Delta Services,EMP103,INV3079,3525,Bank Transfer,59425,11834,None
2025-04-06,Marketing,Beta Traders,EMP104,INV2423,6618,Cash,50022,8497,None
2024-02-06,IT,Alpha Supplies,EMP104,INV2891,16327,Bank Transfer,33706,10707,None
2023-12-23,Finance,Gamma Logistics,EMP107,INV2423,5939,Cash,16016,4047,None
2023-10-06,Marketing,Om Industrial,EMP103,INV2385,10539,Card,46615,10283,None
2024-10-25,Finance,Om Industrial,EMP101,INV3126,10640,Cash,49795,5969,None
2024-06-26,Operations,Delta Services,EMP101,INV3146,17243,Cash,44609,3345,None
2024-11-14,IT,Beta Traders,EMP102,INV3001,14000,Bank Transfer,46715,9008,Duplicate Invoice
2025-02-19,Marketing,Alpha Supplies,EMP102,INV3427,730,Cash,23934,5030,None
2024-05-19,Sales,Zenith Corp,EMP105,INV3878,16704,Bank Transfer,25394,4063,None
2023-08-14,Operations,Rapid Parts,EMP102,INV2664,1293,Card,34176,4111,None
2024-06-03,Marketing,Gamma Logistics,EMP106,INV3213,13805,Card,19184,7291,None
2025-04-14,HR,Om Industrial,EMP103,INV2013,11279,Bank Transfer,43713,10814,None
2023-09-23,Operations,Om Industrial,EMP106,INV2330,7255,Cash,40554,6794,None
2024-07-21,HR,Zenith Corp,EMP101,INV3440,4188,Card,42448,11501,None
2024-04-01,IT,Alpha Supplies,EMP102,INV2540,10473,Bank Transfer,36157,4820,None
2025-04-01,Marketing,Om Industrial,EMP106,INV3847,13427,Cash,47568,8306,None
2024-07-05,IT,Beta Traders,EMP103,INV3428,11632,Bank Transfer,55125,7519,None
2024-03-30,Marketing,Gamma Logistics,EMP104,INV2125,77351,Cash,28707,4270,Large Cash Payment
2023-05-11,IT,Gamma Logistics,EMP105,INV2922,42340,Cash,32662,11921,Large Cash Payment
2025-04-07,HR,Beta Traders,EMP105,INV3543,6784,Card,44534,8210,None
