Emp_ID,Age,Department,Role,Experience_Years,Salary,Performance_Score,Attendance_%,Overtime,Training_Hours,Attrition,Exit_Interview_Summary
1001,50,Production,Manager,3,85774,3,82,No,19,Yes,"Exiting Manager in Production (a mid-tenure employee, 3 yrs exp) left despite competitive pay, suggesting non-monetary drivers."
1002,36,Production,Technician,21,48752,5,78,No,8,Yes,"Exiting Technician in Production (a long-tenured employee, 21 yrs exp) felt compensation was below market rate for the role and was a strong, experienced performer who left for external career growth."
1003,29,Production,Supervisor,5,80029,2,90,Yes,49,Yes,"Exiting Supervisor in Production (a mid-tenure employee, 5 yrs exp) mentioned excessive overtime affecting work-life balance and had a low performance rating and expressed disengagement prior to leaving."
1004,42,HR,Supervisor,5,42685,2,97,No,16,Yes,"Exiting Supervisor in HR (a mid-tenure employee, 5 yrs exp) felt compensation was below market rate for the role and had a low performance rating and expressed disengagement prior to leaving."
1005,40,HR,Technician,19,76693,5,84,Yes,36,Yes,"Exiting Technician in HR (a long-tenured employee, 19 yrs exp) mentioned excessive overtime affecting work-life balance and was a strong, experienced performer who left for external career growth."
1006,44,HR,Technician,14,80961,4,86,Yes,36,Yes,"Exiting Technician in HR (a mid-tenure employee, 14 yrs exp) mentioned excessive overtime affecting work-life balance and was a strong, experienced performer who left for external career growth."
1007,32,Maintenance,Supervisor,4,101908,5,88,Yes,32,Yes,"Exiting Supervisor in Maintenance (a mid-tenure employee, 4 yrs exp) mentioned excessive overtime affecting work-life balance."
1008,32,IT,Technician,13,99532,4,88,Yes,17,Yes,"Exiting Technician in IT (a mid-tenure employee, 13 yrs exp) left despite competitive pay, suggesting non-monetary drivers and cited burnout from frequent overtime with limited support or upskilling."
1009,45,Production,Supervisor,10,106994,5,76,No,35,Yes,"Exiting Supervisor in Production (a mid-tenure employee, 10 yrs exp) left despite competitive pay, suggesting non-monetary drivers and was a strong, experienced performer who left for external career growth."
1010,57,Production,Supervisor,18,81133,5,97,No,18,No,"N/A - Active employee, no exit interview conducted."
1011,45,Maintenance,Manager,8,86268,1,79,Yes,24,Yes,"Exiting Manager in Maintenance (a mid-tenure employee, 8 yrs exp) left despite competitive pay, suggesting non-monetary drivers and cited burnout from frequent overtime with limited support or upskilling."
1012,24,Production,Executive,8,117201,2,79,No,22,Yes,"Exiting Executive in Production (a mid-tenure employee, 8 yrs exp) left despite competitive pay, suggesting non-monetary drivers and had a low performance rating and expressed disengagement prior to leaving."
1013,43,HR,Supervisor,7,63243,5,80,No,33,Yes,"Exiting Supervisor in HR (a mid-tenure employee, 7 yrs exp) left despite competitive pay, suggesting non-monetary drivers and was a strong, experienced performer who left for external career growth."
1014,23,IT,Engineer,8,82384,5,87,Yes,10,No,"N/A - Active employee, no exit interview conducted."
1015,45,Finance,Executive,14,56653,3,83,No,36,Yes,"Exiting Executive in Finance (a mid-tenure employee, 14 yrs exp) felt compensation was below market rate for the role."
1016,51,Production,Executive,19,51657,2,96,Yes,33,Yes,"Exiting Executive in Production (a long-tenured employee, 19 yrs exp) felt compensation was below market rate for the role and mentioned excessive overtime affecting work-life balance."
1017,59,HR,Executive,6,64952,3,89,Yes,47,Yes,"Exiting Executive in HR (a mid-tenure employee, 6 yrs exp) mentioned excessive overtime affecting work-life balance."
1018,23,Finance,Manager,1,47180,2,88,No,6,Yes,"Exiting Manager in Finance (a short-tenured employee, 1 yrs exp) felt compensation was below market rate for the role and had a low performance rating and expressed disengagement prior to leaving."
1019,42,IT,Supervisor,23,103411,3,98,No,27,No,"N/A - Active employee, no exit interview conducted."
1020,54,Finance,Manager,15,26622,5,81,No,23,Yes,"Exiting Manager in Finance (a long-tenured employee, 15 yrs exp) felt compensation was below market rate for the role and was a strong, experienced performer who left for external career growth."
1021,33,HR,Supervisor,1,73756,5,99,Yes,35,Yes,"Exiting Supervisor in HR (a short-tenured employee, 1 yrs exp) left despite competitive pay, suggesting non-monetary drivers and mentioned excessive overtime affecting work-life balance."
1022,43,Finance,Manager,17,65809,1,94,Yes,9,Yes,"Exiting Manager in Finance (a long-tenured employee, 17 yrs exp) left despite competitive pay, suggesting non-monetary drivers and cited burnout from frequent overtime with limited support or upskilling."
1023,46,Maintenance,Manager,1,41725,3,76,No,23,Yes,"Exiting Manager in Maintenance (a short-tenured employee, 1 yrs exp) felt compensation was below market rate for the role and had below-average attendance, indicating possible prior disengagement."
1024,48,Finance,Engineer,15,86396,4,81,No,38,Yes,"Exiting Engineer in Finance (a long-tenured employee, 15 yrs exp) left despite competitive pay, suggesting non-monetary drivers and was a strong, experienced performer who left for external career growth."
1025,49,Production,Manager,23,76226,1,80,No,14,Yes,"Exiting Manager in Production (a long-tenured employee, 23 yrs exp) had a low performance rating and expressed disengagement prior to leaving and had below-average attendance, indicating possible prior disengagement."
1026,37,Production,Technician,2,106182,3,91,No,29,No,"N/A - Active employee, no exit interview conducted."
1027,36,Maintenance,Engineer,14,107565,3,99,Yes,6,No,"N/A - Active employee, no exit interview conducted."
1028,24,HR,Manager,21,54402,1,99,No,15,Yes,"Exiting Manager in HR (a long-tenured employee, 21 yrs exp) felt compensation was below market rate for the role and had a low performance rating and expressed disengagement prior to leaving."
1029,58,Production,Executive,8,29263,5,76,Yes,35,Yes,"Exiting Executive in Production (a mid-tenure employee, 8 yrs exp) felt compensation was below market rate for the role and mentioned excessive overtime affecting work-life balance."
1030,28,IT,Technician,8,71828,3,77,Yes,19,Yes,"Exiting Technician in IT (a mid-tenure employee, 8 yrs exp) left despite competitive pay, suggesting non-monetary drivers and cited burnout from frequent overtime with limited support or upskilling."
1031,42,Production,Technician,19,72924,5,79,No,13,Yes,"Exiting Technician in Production (a long-tenured employee, 19 yrs exp) was a strong, experienced performer who left for external career growth and had below-average attendance, indicating possible prior disengagement."
1032,30,Production,Technician,7,99182,1,79,No,27,Yes,"Exiting Technician in Production (a mid-tenure employee, 7 yrs exp) left despite competitive pay, suggesting non-monetary drivers and had a low performance rating and expressed disengagement prior to leaving."
1033,39,HR,Engineer,19,118065,5,75,No,23,Yes,"Exiting Engineer in HR (a long-tenured employee, 19 yrs exp) left despite competitive pay, suggesting non-monetary drivers and was a strong, experienced performer who left for external career growth."
1034,25,Finance,Manager,6,84052,2,82,Yes,13,Yes,"Exiting Manager in Finance (a mid-tenure employee, 6 yrs exp) left despite competitive pay, suggesting non-monetary drivers and cited burnout from frequent overtime with limited support or upskilling."
1035,46,Production,Manager,6,36664,4,86,No,39,No,"N/A - Active employee, no exit interview conducted."
1036,35,Maintenance,Executive,3,60737,3,98,No,25,No,"N/A - Active employee, no exit interview conducted."
1037,30,Finance,Executive,7,114563,4,78,Yes,13,Yes,"Exiting Executive in Finance (a mid-tenure employee, 7 yrs exp) left despite competitive pay, suggesting non-monetary drivers and cited burnout from frequent overtime with limited support or upskilling."
1038,47,IT,Technician,19,54373,5,87,No,32,No,"N/A - Active employee, no exit interview conducted."
1039,23,HR,Executive,8,61397,3,97,Yes,11,No,"N/A - Active employee, no exit interview conducted."
1040,41,IT,Engineer,10,111145,5,89,No,20,No,"N/A - Active employee, no exit interview conducted."
1041,49,Finance,Manager,20,63709,2,85,Yes,20,Yes,"Exiting Manager in Finance (a long-tenured employee, 20 yrs exp) cited burnout from frequent overtime with limited support or upskilling and had a low performance rating and expressed disengagement prior to leaving."
1042,28,Finance,Technician,15,86120,1,84,No,37,Yes,"Exiting Technician in Finance (a long-tenured employee, 15 yrs exp) had a low performance rating and expressed disengagement prior to leaving."
1043,29,Finance,Executive,15,44250,3,77,No,8,Yes,"Exiting Executive in Finance (a long-tenured employee, 15 yrs exp) felt compensation was below market rate for the role and had below-average attendance, indicating possible prior disengagement."
1044,56,IT,Engineer,1,46172,2,96,Yes,8,Yes,"Exiting Engineer in IT (a short-tenured employee, 1 yrs exp) felt compensation was below market rate for the role and cited burnout from frequent overtime with limited support or upskilling."
1045,35,Finance,Engineer,20,36555,2,88,Yes,43,Yes,"Exiting Engineer in Finance (a long-tenured employee, 20 yrs exp) felt compensation was below market rate for the role and mentioned excessive overtime affecting work-life balance."
1046,38,IT,Executive,7,112410,3,90,No,44,No,"N/A - Active employee, no exit interview conducted."
1047,57,Finance,Manager,4,103617,5,84,Yes,21,Yes,"Exiting Manager in Finance (a mid-tenure employee, 4 yrs exp) left despite competitive pay, suggesting non-monetary drivers and cited burnout from frequent overtime with limited support or upskilling."
1048,25,Maintenance,Executive,6,78276,2,84,Yes,41,Yes,"Exiting Executive in Maintenance (a mid-tenure employee, 6 yrs exp) left despite competitive pay, suggesting non-monetary drivers and mentioned excessive overtime affecting work-life balance."
1049,23,Finance,Technician,1,82492,4,86,Yes,43,Yes,"Exiting Technician in Finance (a short-tenured employee, 1 yrs exp) mentioned excessive overtime affecting work-life balance and was newly trained but left early, raising onboarding/retention concerns."
1050,27,IT,Executive,5,78002,2,83,Yes,33,Yes,"Exiting Executive in IT (a mid-tenure employee, 5 yrs exp) mentioned excessive overtime affecting work-life balance and had a low performance rating and expressed disengagement prior to leaving."
1051,25,Production,Engineer,23,114599,5,75,No,40,Yes,"Exiting Engineer in Production (a long-tenured employee, 23 yrs exp) left despite competitive pay, suggesting non-monetary drivers and was a strong, experienced performer who left for external career growth."
1052,50,Finance,Executive,1,97355,5,79,No,42,Yes,"Exiting Executive in Finance (a short-tenured employee, 1 yrs exp) left despite competitive pay, suggesting non-monetary drivers and had below-average attendance, indicating possible prior disengagement."
1053,39,Production,Manager,4,116248,4,94,Yes,43,Yes,"Exiting Manager in Production (a mid-tenure employee, 4 yrs exp) left despite competitive pay, suggesting non-monetary drivers and mentioned excessive overtime affecting work-life balance."
1054,47,Maintenance,Supervisor,22,49762,2,82,Yes,41,Yes,"Exiting Supervisor in Maintenance (a long-tenured employee, 22 yrs exp) felt compensation was below market rate for the role and mentioned excessive overtime affecting work-life balance."
1055,55,HR,Executive,2,36046,5,85,Yes,39,Yes,"Exiting Executive in HR (a short-tenured employee, 2 yrs exp) felt compensation was below market rate for the role and mentioned excessive overtime affecting work-life balance."
1056,31,Maintenance,Manager,10,53769,3,86,Yes,11,Yes,"Exiting Manager in Maintenance (a mid-tenure employee, 10 yrs exp) felt compensation was below market rate for the role and cited burnout from frequent overtime with limited support or upskilling."
1057,57,Finance,Manager,5,78302,1,75,No,31,Yes,"Exiting Manager in Finance (a mid-tenure employee, 5 yrs exp) left despite competitive pay, suggesting non-monetary drivers and had a low performance rating and expressed disengagement prior to leaving."
1058,35,Production,Engineer,10,48150,1,99,No,32,Yes,"Exiting Engineer in Production (a mid-tenure employee, 10 yrs exp) felt compensation was below market rate for the role and had a low performance rating and expressed disengagement prior to leaving."
1059,52,Production,Manager,1,93247,1,96,Yes,26,Yes,"Exiting Manager in Production (a short-tenured employee, 1 yrs exp) left despite competitive pay, suggesting non-monetary drivers and cited burnout from frequent overtime with limited support or upskilling."
1060,36,IT,Manager,22,29853,2,94,Yes,18,Yes,"Exiting Manager in IT (a long-tenured employee, 22 yrs exp) felt compensation was below market rate for the role and cited burnout from frequent overtime with limited support or upskilling."
1061,29,Production,Manager,6,119613,4,99,Yes,11,No,"N/A - Active employee, no exit interview conducted."
1062,35,IT,Manager,13,114399,5,85,No,41,No,"N/A - Active employee, no exit interview conducted."
1063,44,HR,Technician,15,46792,3,79,Yes,26,Yes,"Exiting Technician in HR (a long-tenured employee, 15 yrs exp) felt compensation was below market rate for the role and cited burnout from frequent overtime with limited support or upskilling."
1064,42,Finance,Technician,4,84129,3,89,No,9,No,"N/A - Active employee, no exit interview conducted."
1065,37,IT,Engineer,13,99478,2,79,Yes,6,Yes,"Exiting Engineer in IT (a mid-tenure employee, 13 yrs exp) left despite competitive pay, suggesting non-monetary drivers and cited burnout from frequent overtime with limited support or upskilling."
1066,39,HR,Executive,24,92298,1,86,No,31,Yes,"Exiting Executive in HR (a long-tenured employee, 24 yrs exp) left despite competitive pay, suggesting non-monetary drivers and had a low performance rating and expressed disengagement prior to leaving."
1067,45,Production,Manager,20,56987,2,79,Yes,25,Yes,"Exiting Manager in Production (a long-tenured employee, 20 yrs exp) felt compensation was below market rate for the role and cited burnout from frequent overtime with limited support or upskilling."
1068,47,Production,Executive,24,40850,4,91,No,42,No,"N/A - Active employee, no exit interview conducted."
1069,46,HR,Executive,15,37112,4,91,Yes,19,Yes,"Exiting Executive in HR (a long-tenured employee, 15 yrs exp) felt compensation was below market rate for the role and cited burnout from frequent overtime with limited support or upskilling."
1070,50,Production,Engineer,8,49058,5,98,Yes,25,Yes,"Exiting Engineer in Production (a mid-tenure employee, 8 yrs exp) felt compensation was below market rate for the role and cited burnout from frequent overtime with limited support or upskilling."
1071,36,HR,Manager,5,70420,5,86,Yes,14,No,"N/A - Active employee, no exit interview conducted."
1072,22,IT,Manager,15,63890,4,98,No,27,No,"N/A - Active employee, no exit interview conducted."
1073,46,IT,Supervisor,4,91017,4,89,Yes,43,No,"N/A - Active employee, no exit interview conducted."
1074,28,HR,Executive,12,72304,4,89,No,9,No,"N/A - Active employee, no exit interview conducted."
1075,30,IT,Executive,13,57921,2,80,No,5,Yes,"Exiting Executive in IT (a mid-tenure employee, 13 yrs exp) felt compensation was below market rate for the role and had a low performance rating and expressed disengagement prior to leaving."
1076,45,IT,Technician,2,26524,4,86,Yes,17,No,"N/A - Active employee, no exit interview conducted."
1077,22,IT,Supervisor,19,40048,3,94,Yes,25,Yes,"Exiting Supervisor in IT (a long-tenured employee, 19 yrs exp) felt compensation was below market rate for the role and cited burnout from frequent overtime with limited support or upskilling."
1078,29,Maintenance,Technician,19,60111,1,92,Yes,30,Yes,"Exiting Technician in Maintenance (a long-tenured employee, 19 yrs exp) felt compensation was below market rate for the role and mentioned excessive overtime affecting work-life balance."
1079,45,Finance,Technician,4,62904,4,88,No,49,No,"N/A - Active employee, no exit interview conducted."
1080,32,Production,Technician,4,79912,1,76,Yes,25,Yes,"Exiting Technician in Production (a mid-tenure employee, 4 yrs exp) cited burnout from frequent overtime with limited support or upskilling and had a low performance rating and expressed disengagement prior to leaving."
1081,38,Maintenance,Engineer,11,59008,2,83,No,22,Yes,"Exiting Engineer in Maintenance (a mid-tenure employee, 11 yrs exp) had a low performance rating and expressed disengagement prior to leaving."
1082,29,IT,Engineer,5,25060,1,79,No,41,Yes,"Exiting Engineer in IT (a mid-tenure employee, 5 yrs exp) felt compensation was below market rate for the role and had a low performance rating and expressed disengagement prior to leaving."
1083,56,HR,Technician,20,99666,2,94,Yes,49,Yes,"Exiting Technician in HR (a long-tenured employee, 20 yrs exp) left despite competitive pay, suggesting non-monetary drivers and mentioned excessive overtime affecting work-life balance."
1084,56,IT,Supervisor,11,108559,3,75,Yes,36,Yes,"Exiting Supervisor in IT (a mid-tenure employee, 11 yrs exp) left despite competitive pay, suggesting non-monetary drivers and mentioned excessive overtime affecting work-life balance."
1085,54,Finance,Executive,10,80337,2,97,Yes,40,Yes,"Exiting Executive in Finance (a mid-tenure employee, 10 yrs exp) mentioned excessive overtime affecting work-life balance and had a low performance rating and expressed disengagement prior to leaving."
1086,26,IT,Supervisor,8,38350,2,77,Yes,21,Yes,"Exiting Supervisor in IT (a mid-tenure employee, 8 yrs exp) felt compensation was below market rate for the role and cited burnout from frequent overtime with limited support or upskilling."
1087,49,HR,Manager,6,49354,5,80,Yes,39,Yes,"Exiting Manager in HR (a mid-tenure employee, 6 yrs exp) felt compensation was below market rate for the role and mentioned excessive overtime affecting work-life balance."
1088,28,Finance,Engineer,6,70186,4,79,Yes,15,Yes,"Exiting Engineer in Finance (a mid-tenure employee, 6 yrs exp) felt compensation was below market rate for the role and cited burnout from frequent overtime with limited support or upskilling."
1089,30,IT,Executive,8,53145,4,95,No,25,No,"N/A - Active employee, no exit interview conducted."
1090,29,Finance,Executive,23,59020,3,79,No,30,Yes,"Exiting Executive in Finance (a long-tenured employee, 23 yrs exp) felt compensation was below market rate for the role and had below-average attendance, indicating possible prior disengagement."
1091,33,Production,Manager,15,111123,3,75,No,8,Yes,"Exiting Manager in Production (a long-tenured employee, 15 yrs exp) left despite competitive pay, suggesting non-monetary drivers and had below-average attendance, indicating possible prior disengagement."
1092,55,Production,Manager,14,100186,4,91,Yes,38,No,"N/A - Active employee, no exit interview conducted."
1093,54,IT,Technician,11,110469,5,93,No,22,No,"N/A - Active employee, no exit interview conducted."
1094,44,Finance,Engineer,12,45581,4,88,No,44,No,"N/A - Active employee, no exit interview conducted."
1095,45,HR,Engineer,13,113929,5,86,No,39,No,"N/A - Active employee, no exit interview conducted."
1096,58,IT,Supervisor,8,48051,3,84,No,45,Yes,"Exiting Supervisor in IT (a mid-tenure employee, 8 yrs exp) felt compensation was below market rate for the role."
1097,56,Production,Technician,18,76474,1,94,No,33,Yes,"Exiting Technician in Production (a long-tenured employee, 18 yrs exp) had a low performance rating and expressed disengagement prior to leaving."
1098,43,Production,Technician,1,116748,3,95,Yes,33,Yes,"Exiting Technician in Production (a short-tenured employee, 1 yrs exp) left despite competitive pay, suggesting non-monetary drivers and mentioned excessive overtime affecting work-life balance."
1099,48,IT,Technician,15,94626,3,92,Yes,42,No,"N/A - Active employee, no exit interview conducted."
1100,56,Finance,Technician,8,31960,2,98,No,46,Yes,"Exiting Technician in Finance (a mid-tenure employee, 8 yrs exp) felt compensation was below market rate for the role and had a low performance rating and expressed disengagement prior to leaving."
1101,22,Production,Engineer,11,60772,2,85,No,25,Yes,"Exiting Engineer in Production (a mid-tenure employee, 11 yrs exp) had a low performance rating and expressed disengagement prior to leaving."
1102,56,Finance,Engineer,12,46520,2,76,No,46,Yes,"Exiting Engineer in Finance (a mid-tenure employee, 12 yrs exp) felt compensation was below market rate for the role and had a low performance rating and expressed disengagement prior to leaving."
1103,58,Production,Technician,12,74481,2,99,Yes,17,Yes,"Exiting Technician in Production (a mid-tenure employee, 12 yrs exp) cited burnout from frequent overtime with limited support or upskilling and had a low performance rating and expressed disengagement prior to leaving."
1104,35,Production,Supervisor,4,61408,5,92,Yes,45,No,"N/A - Active employee, no exit interview conducted."
1105,24,Maintenance,Executive,16,119006,4,99,No,21,No,"N/A - Active employee, no exit interview conducted."
1106,22,Production,Executive,4,82134,1,81,Yes,13,Yes,"Exiting Executive in Production (a mid-tenure employee, 4 yrs exp) cited burnout from frequent overtime with limited support or upskilling and had a low performance rating and expressed disengagement prior to leaving."
1107,26,HR,Supervisor,5,45491,3,98,Yes,45,No,"N/A - Active employee, no exit interview conducted."
1108,47,IT,Technician,24,26341,5,89,No,5,No,"N/A - Active employee, no exit interview conducted."
1109,35,IT,Engineer,5,69623,1,85,Yes,6,Yes,"Exiting Engineer in IT (a mid-tenure employee, 5 yrs exp) cited burnout from frequent overtime with limited support or upskilling and had a low performance rating and expressed disengagement prior to leaving."
1110,48,Finance,Executive,8,115327,5,92,Yes,33,Yes,"Exiting Executive in Finance (a mid-tenure employee, 8 yrs exp) left despite competitive pay, suggesting non-monetary drivers and mentioned excessive overtime affecting work-life balance."
1111,30,Production,Manager,10,25338,5,97,No,37,No,"N/A - Active employee, no exit interview conducted."
1112,36,HR,Manager,17,96431,3,86,Yes,14,Yes,"Exiting Manager in HR (a long-tenured employee, 17 yrs exp) left despite competitive pay, suggesting non-monetary drivers and cited burnout from frequent overtime with limited support or upskilling."
1113,36,Finance,Supervisor,9,37254,4,80,Yes,44,Yes,"Exiting Supervisor in Finance (a mid-tenure employee, 9 yrs exp) felt compensation was below market rate for the role and mentioned excessive overtime affecting work-life balance."
1114,47,Maintenance,Technician,22,76860,2,94,No,25,Yes,"Exiting Technician in Maintenance (a long-tenured employee, 22 yrs exp) had a low performance rating and expressed disengagement prior to leaving."
1115,34,Finance,Executive,19,36344,4,97,Yes,32,No,"N/A - Active employee, no exit interview conducted."
1116,53,Finance,Technician,14,26750,3,87,Yes,15,No,"N/A - Active employee, no exit interview conducted."
1117,53,Production,Executive,8,79756,3,94,No,38,No,"N/A - Active employee, no exit interview conducted."
1118,25,Maintenance,Supervisor,9,92957,3,90,No,12,No,"N/A - Active employee, no exit interview conducted."
1119,51,Finance,Supervisor,22,83053,1,92,No,26,Yes,"Exiting Supervisor in Finance (a long-tenured employee, 22 yrs exp) had a low performance rating and expressed disengagement prior to leaving."
1120,58,HR,Manager,11,95855,4,84,Yes,12,Yes,"Exiting Manager in HR (a mid-tenure employee, 11 yrs exp) left despite competitive pay, suggesting non-monetary drivers and cited burnout from frequent overtime with limited support or upskilling."
1121,44,HR,Technician,23,40896,4,97,No,19,No,"N/A - Active employee, no exit interview conducted."
1122,36,IT,Manager,1,80761,5,82,Yes,21,Yes,"Exiting Manager in IT (a short-tenured employee, 1 yrs exp) left despite competitive pay, suggesting non-monetary drivers and cited burnout from frequent overtime with limited support or upskilling."
1123,50,Maintenance,Technician,14,87552,5,92,No,27,No,"N/A - Active employee, no exit interview conducted."
1124,57,Maintenance,Manager,5,102454,5,95,Yes,28,Yes,"Exiting Manager in Maintenance (a mid-tenure employee, 5 yrs exp) left despite competitive pay, suggesting non-monetary drivers and mentioned excessive overtime affecting work-life balance."
1125,34,IT,Engineer,21,115600,3,75,No,49,Yes,"Exiting Engineer in IT (a long-tenured employee, 21 yrs exp) left despite competitive pay, suggesting non-monetary drivers and had below-average attendance, indicating possible prior disengagement."
1126,53,Finance,Engineer,14,52935,4,97,No,23,No,"N/A - Active employee, no exit interview conducted."
1127,28,Maintenance,Engineer,4,62641,3,82,No,9,Yes,"Exiting Engineer in Maintenance (a mid-tenure employee, 4 yrs exp) received minimal training investment and felt underdeveloped in the role."
1128,43,HR,Engineer,22,54711,1,80,No,36,Yes,"Exiting Engineer in HR (a long-tenured employee, 22 yrs exp) felt compensation was below market rate for the role and had a low performance rating and expressed disengagement prior to leaving."
1129,49,HR,Executive,23,95342,5,79,Yes,48,Yes,"Exiting Executive in HR (a long-tenured employee, 23 yrs exp) left despite competitive pay, suggesting non-monetary drivers and mentioned excessive overtime affecting work-life balance."
1130,23,Production,Engineer,1,37182,3,89,No,5,No,"N/A - Active employee, no exit interview conducted."
1131,27,Maintenance,Supervisor,22,112833,3,96,No,27,No,"N/A - Active employee, no exit interview conducted."
1132,49,Finance,Supervisor,23,81276,1,89,Yes,41,Yes,"Exiting Supervisor in Finance (a long-tenured employee, 23 yrs exp) mentioned excessive overtime affecting work-life balance and had a low performance rating and expressed disengagement prior to leaving."
1133,49,IT,Executive,19,44541,2,76,No,12,Yes,"Exiting Executive in IT (a long-tenured employee, 19 yrs exp) felt compensation was below market rate for the role and had a low performance rating and expressed disengagement prior to leaving."
1134,41,IT,Engineer,8,119457,4,75,Yes,17,Yes,"Exiting Engineer in IT (a mid-tenure employee, 8 yrs exp) left despite competitive pay, suggesting non-monetary drivers and cited burnout from frequent overtime with limited support or upskilling."
1135,51,Finance,Engineer,15,107310,2,97,No,12,Yes,"Exiting Engineer in Finance (a long-tenured employee, 15 yrs exp) left despite competitive pay, suggesting non-monetary drivers and had a low performance rating and expressed disengagement prior to leaving."
1136,32,Production,Engineer,21,69813,5,97,No,27,No,"N/A - Active employee, no exit interview conducted."
1137,49,IT,Manager,15,62198,3,85,No,47,No,"N/A - Active employee, no exit interview conducted."
1138,46,Maintenance,Technician,9,33820,1,84,Yes,5,Yes,"Exiting Technician in Maintenance (a mid-tenure employee, 9 yrs exp) felt compensation was below market rate for the role and cited burnout from frequent overtime with limited support or upskilling."
1139,54,Production,Manager,21,49070,1,92,No,49,Yes,"Exiting Manager in Production (a long-tenured employee, 21 yrs exp) felt compensation was below market rate for the role and had a low performance rating and expressed disengagement prior to leaving."
1140,22,Maintenance,Technician,9,94768,4,92,No,28,No,"N/A - Active employee, no exit interview conducted."
1141,48,HR,Engineer,10,36122,2,91,No,39,Yes,"Exiting Engineer in HR (a mid-tenure employee, 10 yrs exp) felt compensation was below market rate for the role and had a low performance rating and expressed disengagement prior to leaving."
1142,34,Production,Engineer,20,105559,4,82,Yes,28,Yes,"Exiting Engineer in Production (a long-tenured employee, 20 yrs exp) left despite competitive pay, suggesting non-monetary drivers and mentioned excessive overtime affecting work-life balance."
1143,24,IT,Manager,21,98543,3,89,Yes,21,No,"N/A - Active employee, no exit interview conducted."
1144,27,Production,Manager,9,108441,4,82,No,9,Yes,"Exiting Manager in Production (a mid-tenure employee, 9 yrs exp) left despite competitive pay, suggesting non-monetary drivers and was a strong, experienced performer who left for external career growth."
1145,29,Production,Technician,3,66786,1,91,Yes,24,Yes,"Exiting Technician in Production (a mid-tenure employee, 3 yrs exp) felt compensation was below market rate for the role and cited burnout from frequent overtime with limited support or upskilling."
1146,48,Production,Supervisor,20,119934,1,86,No,25,Yes,"Exiting Supervisor in Production (a long-tenured employee, 20 yrs exp) left despite competitive pay, suggesting non-monetary drivers and had a low performance rating and expressed disengagement prior to leaving."
1147,30,Production,Technician,11,31737,5,82,No,44,Yes,"Exiting Technician in Production (a mid-tenure employee, 11 yrs exp) felt compensation was below market rate for the role and was a strong, experienced performer who left for external career growth."
1148,58,Maintenance,Manager,6,61062,5,99,No,35,No,"N/A - Active employee, no exit interview conducted."
1149,54,HR,Manager,2,79237,3,88,No,40,No,"N/A - Active employee, no exit interview conducted."
1150,45,Finance,Executive,7,76571,2,78,No,15,Yes,"Exiting Executive in Finance (a mid-tenure employee, 7 yrs exp) had a low performance rating and expressed disengagement prior to leaving and had below-average attendance, indicating possible prior disengagement."
1151,36,Production,Manager,18,50510,4,75,No,19,Yes,"Exiting Manager in Production (a long-tenured employee, 18 yrs exp) felt compensation was below market rate for the role and was a strong, experienced performer who left for external career growth."
1152,53,IT,Executive,2,44426,3,75,No,23,Yes,"Exiting Executive in IT (a short-tenured employee, 2 yrs exp) felt compensation was below market rate for the role and had below-average attendance, indicating possible prior disengagement."
1153,53,Production,Supervisor,17,62265,5,93,Yes,11,Yes,"Exiting Supervisor in Production (a long-tenured employee, 17 yrs exp) felt compensation was below market rate for the role and cited burnout from frequent overtime with limited support or upskilling."
1154,45,IT,Technician,11,42850,4,90,Yes,32,No,"N/A - Active employee, no exit interview conducted."
1155,33,Maintenance,Technician,12,91150,5,88,Yes,47,No,"N/A - Active employee, no exit interview conducted."
1156,23,IT,Executive,19,112312,4,95,Yes,9,Yes,"Exiting Executive in IT (a long-tenured employee, 19 yrs exp) left despite competitive pay, suggesting non-monetary drivers and cited burnout from frequent overtime with limited support or upskilling."
1157,24,Finance,Technician,22,114613,2,90,Yes,9,Yes,"Exiting Technician in Finance (a long-tenured employee, 22 yrs exp) left despite competitive pay, suggesting non-monetary drivers and cited burnout from frequent overtime with limited support or upskilling."
1158,58,HR,Manager,24,99910,3,79,Yes,34,Yes,"Exiting Manager in HR (a long-tenured employee, 24 yrs exp) left despite competitive pay, suggesting non-monetary drivers and mentioned excessive overtime affecting work-life balance."
1159,38,IT,Engineer,7,77375,4,83,Yes,36,Yes,"Exiting Engineer in IT (a mid-tenure employee, 7 yrs exp) left despite competitive pay, suggesting non-monetary drivers and mentioned excessive overtime affecting work-life balance."
1160,23,IT,Executive,20,60435,1,76,No,12,Yes,"Exiting Executive in IT (a long-tenured employee, 20 yrs exp) felt compensation was below market rate for the role and had a low performance rating and expressed disengagement prior to leaving."
1161,23,HR,Technician,6,82132,1,92,No,14,Yes,"Exiting Technician in HR (a mid-tenure employee, 6 yrs exp) had a low performance rating and expressed disengagement prior to leaving."
1162,49,Finance,Executive,21,103945,4,80,No,42,Yes,"Exiting Executive in Finance (a long-tenured employee, 21 yrs exp) left despite competitive pay, suggesting non-monetary drivers and was a strong, experienced performer who left for external career growth."
1163,44,Production,Executive,24,107050,4,83,No,36,Yes,"Exiting Executive in Production (a long-tenured employee, 24 yrs exp) left despite competitive pay, suggesting non-monetary drivers and was a strong, experienced performer who left for external career growth."
1164,58,IT,Engineer,1,27983,4,75,Yes,32,Yes,"Exiting Engineer in IT (a short-tenured employee, 1 yrs exp) felt compensation was below market rate for the role and mentioned excessive overtime affecting work-life balance."
1165,53,HR,Manager,17,45662,1,83,Yes,21,Yes,"Exiting Manager in HR (a long-tenured employee, 17 yrs exp) felt compensation was below market rate for the role and cited burnout from frequent overtime with limited support or upskilling."
1166,54,Maintenance,Executive,11,48510,1,99,No,35,Yes,"Exiting Executive in Maintenance (a mid-tenure employee, 11 yrs exp) felt compensation was below market rate for the role and had a low performance rating and expressed disengagement prior to leaving."
1167,22,HR,Technician,22,103187,4,90,No,12,No,"N/A - Active employee, no exit interview conducted."
1168,40,Maintenance,Supervisor,18,65998,5,87,Yes,44,No,"N/A - Active employee, no exit interview conducted."
1169,23,Finance,Executive,21,81846,5,83,No,29,Yes,"Exiting Executive in Finance (a long-tenured employee, 21 yrs exp) was a strong, experienced performer who left for external career growth."
1170,47,Production,Executive,17,119071,2,95,No,13,Yes,"Exiting Executive in Production (a long-tenured employee, 17 yrs exp) left despite competitive pay, suggesting non-monetary drivers and had a low performance rating and expressed disengagement prior to leaving."
1171,53,HR,Engineer,7,31640,3,87,No,6,No,"N/A - Active employee, no exit interview conducted."
1172,27,IT,Manager,17,69547,5,83,No,19,Yes,"Exiting Manager in IT (a long-tenured employee, 17 yrs exp) was a strong, experienced performer who left for external career growth."
1173,53,Finance,Supervisor,20,79620,1,85,Yes,7,Yes,"Exiting Supervisor in Finance (a long-tenured employee, 20 yrs exp) cited burnout from frequent overtime with limited support or upskilling and had a low performance rating and expressed disengagement prior to leaving."
1174,25,HR,Technician,9,40317,5,78,No,40,Yes,"Exiting Technician in HR (a mid-tenure employee, 9 yrs exp) felt compensation was below market rate for the role and was a strong, experienced performer who left for external career growth."
1175,32,IT,Supervisor,17,32564,2,76,No,8,Yes,"Exiting Supervisor in IT (a long-tenured employee, 17 yrs exp) felt compensation was below market rate for the role and had a low performance rating and expressed disengagement prior to leaving."
1176,38,HR,Technician,20,52345,2,80,Yes,18,Yes,"Exiting Technician in HR (a long-tenured employee, 20 yrs exp) felt compensation was below market rate for the role and cited burnout from frequent overtime with limited support or upskilling."
1177,59,Maintenance,Manager,22,119223,3,88,Yes,45,No,"N/A - Active employee, no exit interview conducted."
1178,45,HR,Technician,22,104273,5,78,No,45,Yes,"Exiting Technician in HR (a long-tenured employee, 22 yrs exp) left despite competitive pay, suggesting non-monetary drivers and was a strong, experienced performer who left for external career growth."
1179,26,HR,Engineer,8,99859,1,80,Yes,29,Yes,"Exiting Engineer in HR (a mid-tenure employee, 8 yrs exp) left despite competitive pay, suggesting non-monetary drivers and mentioned excessive overtime affecting work-life balance."
1180,55,HR,Engineer,17,105765,1,93,No,14,Yes,"Exiting Engineer in HR (a long-tenured employee, 17 yrs exp) left despite competitive pay, suggesting non-monetary drivers and had a low performance rating and expressed disengagement prior to leaving."
1181,27,Finance,Engineer,7,99038,4,80,No,25,Yes,"Exiting Engineer in Finance (a mid-tenure employee, 7 yrs exp) left despite competitive pay, suggesting non-monetary drivers and was a strong, experienced performer who left for external career growth."
1182,43,HR,Engineer,1,77393,1,76,Yes,40,Yes,"Exiting Engineer in HR (a short-tenured employee, 1 yrs exp) mentioned excessive overtime affecting work-life balance and had a low performance rating and expressed disengagement prior to leaving."
1183,32,IT,Supervisor,13,91081,3,92,No,16,No,"N/A - Active employee, no exit interview conducted."
1184,37,Maintenance,Manager,23,54430,3,87,No,31,No,"N/A - Active employee, no exit interview conducted."
1185,54,Maintenance,Technician,19,100532,1,83,No,44,Yes,"Exiting Technician in Maintenance (a long-tenured employee, 19 yrs exp) left despite competitive pay, suggesting non-monetary drivers and had a low performance rating and expressed disengagement prior to leaving."
1186,30,HR,Technician,24,52788,1,97,No,6,Yes,"Exiting Technician in HR (a long-tenured employee, 24 yrs exp) felt compensation was below market rate for the role and had a low performance rating and expressed disengagement prior to leaving."
1187,27,Finance,Engineer,19,73543,4,93,Yes,17,Yes,"Exiting Engineer in Finance (a long-tenured employee, 19 yrs exp) cited burnout from frequent overtime with limited support or upskilling and was a strong, experienced performer who left for external career growth."
1188,37,Finance,Engineer,17,38919,1,87,Yes,36,Yes,"Exiting Engineer in Finance (a long-tenured employee, 17 yrs exp) felt compensation was below market rate for the role and mentioned excessive overtime affecting work-life balance."
1189,50,IT,Executive,13,94346,4,85,No,35,No,"N/A - Active employee, no exit interview conducted."
1190,24,HR,Manager,16,64974,4,75,Yes,20,Yes,"Exiting Manager in HR (a long-tenured employee, 16 yrs exp) cited burnout from frequent overtime with limited support or upskilling and was a strong, experienced performer who left for external career growth."
1191,41,Maintenance,Supervisor,8,41371,1,98,No,36,Yes,"Exiting Supervisor in Maintenance (a mid-tenure employee, 8 yrs exp) felt compensation was below market rate for the role and had a low performance rating and expressed disengagement prior to leaving."
1192,57,Finance,Technician,19,70084,2,96,No,36,Yes,"Exiting Technician in Finance (a long-tenured employee, 19 yrs exp) felt compensation was below market rate for the role and had a low performance rating and expressed disengagement prior to leaving."
1193,40,HR,Executive,18,54629,2,81,No,38,Yes,"Exiting Executive in HR (a long-tenured employee, 18 yrs exp) felt compensation was below market rate for the role and had a low performance rating and expressed disengagement prior to leaving."
1194,47,Finance,Executive,1,76184,4,99,No,15,No,"N/A - Active employee, no exit interview conducted."
1195,24,Finance,Technician,14,86916,1,95,No,14,Yes,"Exiting Technician in Finance (a mid-tenure employee, 14 yrs exp) had a low performance rating and expressed disengagement prior to leaving."
1196,40,Maintenance,Supervisor,19,98972,2,89,Yes,19,Yes,"Exiting Supervisor in Maintenance (a long-tenured employee, 19 yrs exp) cited burnout from frequent overtime with limited support or upskilling and had a low performance rating and expressed disengagement prior to leaving."
1197,41,Production,Executive,15,87187,1,75,No,21,Yes,"Exiting Executive in Production (a long-tenured employee, 15 yrs exp) left despite competitive pay, suggesting non-monetary drivers and had a low performance rating and expressed disengagement prior to leaving."
1198,53,IT,Executive,18,37984,1,86,Yes,44,Yes,"Exiting Executive in IT (a long-tenured employee, 18 yrs exp) felt compensation was below market rate for the role and mentioned excessive overtime affecting work-life balance."
1199,28,IT,Manager,2,58039,1,81,Yes,22,Yes,"Exiting Manager in IT (a short-tenured employee, 2 yrs exp) felt compensation was below market rate for the role and cited burnout from frequent overtime with limited support or upskilling."
1200,54,Maintenance,Supervisor,22,110431,5,89,No,13,No,"N/A - Active employee, no exit interview conducted."
1201,39,Finance,Executive,17,108691,1,95,No,29,Yes,"Exiting Executive in Finance (a long-tenured employee, 17 yrs exp) left despite competitive pay, suggesting non-monetary drivers and had a low performance rating and expressed disengagement prior to leaving."
1202,22,HR,Supervisor,18,83606,5,93,No,44,No,"N/A - Active employee, no exit interview conducted."
1203,32,Finance,Technician,6,35616,4,99,No,18,No,"N/A - Active employee, no exit interview conducted."
1204,49,Maintenance,Engineer,19,75072,2,75,No,29,Yes,"Exiting Engineer in Maintenance (a long-tenured employee, 19 yrs exp) left despite competitive pay, suggesting non-monetary drivers and had a low performance rating and expressed disengagement prior to leaving."
1205,46,IT,Executive,4,49574,2,91,Yes,26,Yes,"Exiting Executive in IT (a mid-tenure employee, 4 yrs exp) felt compensation was below market rate for the role and cited burnout from frequent overtime with limited support or upskilling."
1206,44,Finance,Manager,1,28430,2,91,No,34,Yes,"Exiting Manager in Finance (a short-tenured employee, 1 yrs exp) felt compensation was below market rate for the role and had a low performance rating and expressed disengagement prior to leaving."
1207,52,IT,Technician,8,37676,2,77,No,24,Yes,"Exiting Technician in IT (a mid-tenure employee, 8 yrs exp) felt compensation was below market rate for the role and had a low performance rating and expressed disengagement prior to leaving."
1208,51,HR,Supervisor,23,35816,2,86,Yes,25,Yes,"Exiting Supervisor in HR (a long-tenured employee, 23 yrs exp) felt compensation was below market rate for the role and cited burnout from frequent overtime with limited support or upskilling."
1209,56,IT,Technician,7,57733,2,80,Yes,48,Yes,"Exiting Technician in IT (a mid-tenure employee, 7 yrs exp) mentioned excessive overtime affecting work-life balance and had a low performance rating and expressed disengagement prior to leaving."
1210,28,IT,Executive,3,110680,2,85,No,36,Yes,"Exiting Executive in IT (a mid-tenure employee, 3 yrs exp) left despite competitive pay, suggesting non-monetary drivers and had a low performance rating and expressed disengagement prior to leaving."
1211,37,Production,Supervisor,10,27050,4,77,Yes,25,Yes,"Exiting Supervisor in Production (a mid-tenure employee, 10 yrs exp) felt compensation was below market rate for the role and cited burnout from frequent overtime with limited support or upskilling."
1212,47,Production,Engineer,10,58933,1,82,No,39,Yes,"Exiting Engineer in Production (a mid-tenure employee, 10 yrs exp) had a low performance rating and expressed disengagement prior to leaving."
1213,23,Production,Technician,19,49951,3,88,Yes,36,Yes,"Exiting Technician in Production (a long-tenured employee, 19 yrs exp) felt compensation was below market rate for the role and mentioned excessive overtime affecting work-life balance."
1214,22,IT,Executive,14,57413,5,88,Yes,34,No,"N/A - Active employee, no exit interview conducted."
1215,33,Maintenance,Manager,2,59801,3,84,No,43,Yes,"Exiting Manager in Maintenance (a short-tenured employee, 2 yrs exp) was newly trained but left early, raising onboarding/retention concerns."
1216,26,IT,Supervisor,1,80619,3,76,Yes,16,Yes,"Exiting Supervisor in IT (a short-tenured employee, 1 yrs exp) cited burnout from frequent overtime with limited support or upskilling and had below-average attendance, indicating possible prior disengagement."
1217,58,Maintenance,Technician,23,57913,1,88,Yes,45,Yes,"Exiting Technician in Maintenance (a long-tenured employee, 23 yrs exp) felt compensation was below market rate for the role and mentioned excessive overtime affecting work-life balance."
1218,53,Maintenance,Technician,23,65600,1,83,Yes,22,Yes,"Exiting Technician in Maintenance (a long-tenured employee, 23 yrs exp) felt compensation was below market rate for the role and cited burnout from frequent overtime with limited support or upskilling."
1219,30,Production,Engineer,18,82775,1,77,Yes,25,Yes,"Exiting Engineer in Production (a long-tenured employee, 18 yrs exp) left despite competitive pay, suggesting non-monetary drivers and cited burnout from frequent overtime with limited support or upskilling."
1220,56,Finance,Engineer,7,115816,2,95,Yes,17,Yes,"Exiting Engineer in Finance (a mid-tenure employee, 7 yrs exp) left despite competitive pay, suggesting non-monetary drivers and cited burnout from frequent overtime with limited support or upskilling."
1221,40,HR,Manager,8,115093,4,82,Yes,25,Yes,"Exiting Manager in HR (a mid-tenure employee, 8 yrs exp) left despite competitive pay, suggesting non-monetary drivers and cited burnout from frequent overtime with limited support or upskilling."
1222,37,Production,Manager,1,60400,2,90,No,12,Yes,"Exiting Manager in Production (a short-tenured employee, 1 yrs exp) felt compensation was below market rate for the role and had a low performance rating and expressed disengagement prior to leaving."
1223,24,Production,Executive,23,29494,4,76,No,44,Yes,"Exiting Executive in Production (a long-tenured employee, 23 yrs exp) felt compensation was below market rate for the role and was a strong, experienced performer who left for external career growth."
1224,41,Finance,Executive,3,105688,4,80,Yes,11,Yes,"Exiting Executive in Finance (a mid-tenure employee, 3 yrs exp) left despite competitive pay, suggesting non-monetary drivers and cited burnout from frequent overtime with limited support or upskilling."
1225,45,HR,Manager,24,114431,3,95,No,27,No,"N/A - Active employee, no exit interview conducted."
1226,54,IT,Manager,23,99691,3,99,No,48,No,"N/A - Active employee, no exit interview conducted."
1227,45,IT,Supervisor,8,68001,4,86,No,36,No,"N/A - Active employee, no exit interview conducted."
1228,32,Production,Engineer,22,92364,4,79,Yes,15,Yes,"Exiting Engineer in Production (a long-tenured employee, 22 yrs exp) left despite competitive pay, suggesting non-monetary drivers and cited burnout from frequent overtime with limited support or upskilling."
1229,29,HR,Executive,15,70028,2,76,No,26,Yes,"Exiting Executive in HR (a long-tenured employee, 15 yrs exp) had a low performance rating and expressed disengagement prior to leaving and had below-average attendance, indicating possible prior disengagement."
1230,57,Production,Engineer,5,62573,2,90,Yes,26,Yes,"Exiting Engineer in Production (a mid-tenure employee, 5 yrs exp) cited burnout from frequent overtime with limited support or upskilling and had a low performance rating and expressed disengagement prior to leaving."
1231,59,Maintenance,Engineer,3,25806,3,79,No,47,Yes,"Exiting Engineer in Maintenance (a mid-tenure employee, 3 yrs exp) felt compensation was below market rate for the role and had below-average attendance, indicating possible prior disengagement."
1232,41,Production,Manager,19,81638,1,89,Yes,29,Yes,"Exiting Manager in Production (a long-tenured employee, 19 yrs exp) mentioned excessive overtime affecting work-life balance and had a low performance rating and expressed disengagement prior to leaving."
1233,56,Production,Supervisor,1,54757,4,86,Yes,26,Yes,"Exiting Supervisor in Production (a short-tenured employee, 1 yrs exp) felt compensation was below market rate for the role and cited burnout from frequent overtime with limited support or upskilling."
1234,46,IT,Technician,15,59636,2,78,No,32,Yes,"Exiting Technician in IT (a long-tenured employee, 15 yrs exp) had a low performance rating and expressed disengagement prior to leaving and had below-average attendance, indicating possible prior disengagement."
1235,56,IT,Supervisor,8,105097,3,89,No,33,No,"N/A - Active employee, no exit interview conducted."
1236,46,IT,Supervisor,2,73280,2,85,Yes,17,Yes,"Exiting Supervisor in IT (a short-tenured employee, 2 yrs exp) felt compensation was below market rate for the role and cited burnout from frequent overtime with limited support or upskilling."
1237,50,Maintenance,Engineer,3,49262,4,90,No,22,No,"N/A - Active employee, no exit interview conducted."
1238,39,IT,Supervisor,24,105435,4,97,No,6,No,"N/A - Active employee, no exit interview conducted."
1239,39,HR,Executive,14,87211,5,80,No,33,Yes,"Exiting Executive in HR (a mid-tenure employee, 14 yrs exp) left despite competitive pay, suggesting non-monetary drivers and was a strong, experienced performer who left for external career growth."
1240,23,Finance,Engineer,24,79842,1,88,Yes,25,Yes,"Exiting Engineer in Finance (a long-tenured employee, 24 yrs exp) cited burnout from frequent overtime with limited support or upskilling and had a low performance rating and expressed disengagement prior to leaving."
1241,56,HR,Executive,14,81979,5,92,Yes,19,No,"N/A - Active employee, no exit interview conducted."
1242,37,HR,Technician,11,106470,3,86,No,31,No,"N/A - Active employee, no exit interview conducted."
1243,57,IT,Engineer,16,63197,2,85,No,35,Yes,"Exiting Engineer in IT (a long-tenured employee, 16 yrs exp) felt compensation was below market rate for the role and had a low performance rating and expressed disengagement prior to leaving."
1244,54,Finance,Technician,4,66844,3,87,No,19,No,"N/A - Active employee, no exit interview conducted."
1245,25,Finance,Engineer,20,89754,4,95,Yes,27,No,"N/A - Active employee, no exit interview conducted."
1246,54,Finance,Manager,5,59157,5,97,Yes,28,No,"N/A - Active employee, no exit interview conducted."
1247,35,Maintenance,Supervisor,22,102129,5,85,No,48,No,"N/A - Active employee, no exit interview conducted."
1248,42,IT,Manager,21,65042,5,97,No,17,No,"N/A - Active employee, no exit interview conducted."
1249,41,Finance,Technician,14,86665,3,90,No,26,No,"N/A - Active employee, no exit interview conducted."
1250,29,Maintenance,Supervisor,23,107856,4,89,No,47,No,"N/A - Active employee, no exit interview conducted."
1251,28,Production,Engineer,16,52376,2,95,No,41,Yes,"Exiting Engineer in Production (a long-tenured employee, 16 yrs exp) felt compensation was below market rate for the role and had a low performance rating and expressed disengagement prior to leaving."
1252,24,Production,Supervisor,18,80554,2,89,No,37,Yes,"Exiting Supervisor in Production (a long-tenured employee, 18 yrs exp) had a low performance rating and expressed disengagement prior to leaving."
1253,38,Maintenance,Executive,7,39199,3,99,Yes,7,No,"N/A - Active employee, no exit interview conducted."
1254,54,Maintenance,Supervisor,10,106412,5,78,No,23,Yes,"Exiting Supervisor in Maintenance (a mid-tenure employee, 10 yrs exp) was a strong, experienced performer who left for external career growth and had below-average attendance, indicating possible prior disengagement."
1255,33,IT,Executive,7,75948,1,85,Yes,27,Yes,"Exiting Executive in IT (a mid-tenure employee, 7 yrs exp) mentioned excessive overtime affecting work-life balance and had a low performance rating and expressed disengagement prior to leaving."
1256,43,IT,Supervisor,1,98781,3,93,No,33,No,"N/A - Active employee, no exit interview conducted."
1257,43,Production,Executive,23,97750,3,89,No,34,No,"N/A - Active employee, no exit interview conducted."
1258,51,Finance,Technician,21,91262,4,78,Yes,43,Yes,"Exiting Technician in Finance (a long-tenured employee, 21 yrs exp) left despite competitive pay, suggesting non-monetary drivers and mentioned excessive overtime affecting work-life balance."
1259,59,Production,Manager,19,71600,2,95,Yes,48,Yes,"Exiting Manager in Production (a long-tenured employee, 19 yrs exp) felt compensation was below market rate for the role and mentioned excessive overtime affecting work-life balance."
1260,59,Finance,Engineer,16,101898,3,87,Yes,29,No,"N/A - Active employee, no exit interview conducted."
1261,29,Finance,Supervisor,19,87483,3,96,Yes,41,Yes,"Exiting Supervisor in Finance (a long-tenured employee, 19 yrs exp) mentioned excessive overtime affecting work-life balance."
1262,48,IT,Manager,4,43297,5,93,No,12,No,"N/A - Active employee, no exit interview conducted."
1263,48,HR,Engineer,18,55448,5,76,Yes,46,Yes,"Exiting Engineer in HR (a long-tenured employee, 18 yrs exp) felt compensation was below market rate for the role and mentioned excessive overtime affecting work-life balance."
1264,55,HR,Engineer,2,51172,1,88,No,20,Yes,"Exiting Engineer in HR (a short-tenured employee, 2 yrs exp) felt compensation was below market rate for the role and had a low performance rating and expressed disengagement prior to leaving."
1265,42,Maintenance,Executive,1,67874,4,78,Yes,12,Yes,"Exiting Executive in Maintenance (a short-tenured employee, 1 yrs exp) cited burnout from frequent overtime with limited support or upskilling and had below-average attendance, indicating possible prior disengagement."
1266,51,IT,Technician,15,32657,1,90,No,5,Yes,"Exiting Technician in IT (a long-tenured employee, 15 yrs exp) felt compensation was below market rate for the role and had a low performance rating and expressed disengagement prior to leaving."
1267,54,Finance,Technician,5,109386,5,95,No,48,No,"N/A - Active employee, no exit interview conducted."
1268,49,HR,Manager,20,50425,2,94,No,9,Yes,"Exiting Manager in HR (a long-tenured employee, 20 yrs exp) felt compensation was below market rate for the role and had a low performance rating and expressed disengagement prior to leaving."
1269,54,Finance,Technician,11,51685,5,88,No,7,No,"N/A - Active employee, no exit interview conducted."
1270,26,HR,Supervisor,10,49578,4,89,No,5,No,"N/A - Active employee, no exit interview conducted."
1271,40,HR,Technician,2,53831,5,77,No,8,Yes,"Exiting Technician in HR (a short-tenured employee, 2 yrs exp) felt compensation was below market rate for the role and had below-average attendance, indicating possible prior disengagement."
1272,25,HR,Manager,3,32906,4,82,Yes,44,Yes,"Exiting Manager in HR (a mid-tenure employee, 3 yrs exp) felt compensation was below market rate for the role and mentioned excessive overtime affecting work-life balance."
1273,56,IT,Technician,23,86413,4,90,No,39,No,"N/A - Active employee, no exit interview conducted."
1274,38,Production,Supervisor,23,79028,4,84,Yes,36,Yes,"Exiting Supervisor in Production (a long-tenured employee, 23 yrs exp) mentioned excessive overtime affecting work-life balance and was a strong, experienced performer who left for external career growth."
1275,49,Finance,Executive,12,32287,4,78,Yes,46,Yes,"Exiting Executive in Finance (a mid-tenure employee, 12 yrs exp) felt compensation was below market rate for the role and mentioned excessive overtime affecting work-life balance."
1276,51,IT,Manager,20,58660,4,92,No,38,No,"N/A - Active employee, no exit interview conducted."
1277,50,IT,Executive,5,100758,2,76,Yes,47,Yes,"Exiting Executive in IT (a mid-tenure employee, 5 yrs exp) left despite competitive pay, suggesting non-monetary drivers and mentioned excessive overtime affecting work-life balance."
1278,27,IT,Executive,5,85504,1,91,No,29,Yes,"Exiting Executive in IT (a mid-tenure employee, 5 yrs exp) left despite competitive pay, suggesting non-monetary drivers and had a low performance rating and expressed disengagement prior to leaving."
1279,56,IT,Executive,6,84720,3,87,Yes,14,Yes,"Exiting Executive in IT (a mid-tenure employee, 6 yrs exp) left despite competitive pay, suggesting non-monetary drivers and cited burnout from frequent overtime with limited support or upskilling."
1280,58,IT,Engineer,9,59701,1,78,No,25,Yes,"Exiting Engineer in IT (a mid-tenure employee, 9 yrs exp) felt compensation was below market rate for the role and had a low performance rating and expressed disengagement prior to leaving."
1281,45,Maintenance,Engineer,2,108300,4,99,Yes,43,No,"N/A - Active employee, no exit interview conducted."
1282,50,Finance,Executive,21,42674,2,85,No,31,Yes,"Exiting Executive in Finance (a long-tenured employee, 21 yrs exp) felt compensation was below market rate for the role and had a low performance rating and expressed disengagement prior to leaving."
1283,52,IT,Manager,12,108560,5,81,No,31,Yes,"Exiting Manager in IT (a mid-tenure employee, 12 yrs exp) left despite competitive pay, suggesting non-monetary drivers and was a strong, experienced performer who left for external career growth."
1284,56,Finance,Supervisor,3,48874,2,86,No,6,Yes,"Exiting Supervisor in Finance (a mid-tenure employee, 3 yrs exp) felt compensation was below market rate for the role and had a low performance rating and expressed disengagement prior to leaving."
1285,54,Maintenance,Supervisor,20,68642,4,84,No,45,Yes,"Exiting Supervisor in Maintenance (a long-tenured employee, 20 yrs exp) felt compensation was below market rate for the role and was a strong, experienced performer who left for external career growth."
1286,42,Maintenance,Technician,22,90160,2,81,Yes,17,Yes,"Exiting Technician in Maintenance (a long-tenured employee, 22 yrs exp) left despite competitive pay, suggesting non-monetary drivers and cited burnout from frequent overtime with limited support or upskilling."
1287,53,Finance,Manager,12,42602,2,87,No,13,Yes,"Exiting Manager in Finance (a mid-tenure employee, 12 yrs exp) felt compensation was below market rate for the role and had a low performance rating and expressed disengagement prior to leaving."
1288,44,HR,Engineer,24,113801,4,81,Yes,40,Yes,"Exiting Engineer in HR (a long-tenured employee, 24 yrs exp) left despite competitive pay, suggesting non-monetary drivers and mentioned excessive overtime affecting work-life balance."
1289,54,Production,Executive,17,50931,2,98,Yes,26,Yes,"Exiting Executive in Production (a long-tenured employee, 17 yrs exp) felt compensation was below market rate for the role and cited burnout from frequent overtime with limited support or upskilling."
1290,24,HR,Technician,10,119377,3,91,Yes,46,No,"N/A - Active employee, no exit interview conducted."
1291,39,HR,Supervisor,24,54192,3,84,No,30,Yes,"Exiting Supervisor in HR (a long-tenured employee, 24 yrs exp) did not specify a dominant reason; departure appears role- or personally-motivated."
1292,46,HR,Engineer,14,71542,2,84,Yes,16,Yes,"Exiting Engineer in HR (a mid-tenure employee, 14 yrs exp) cited burnout from frequent overtime with limited support or upskilling and had a low performance rating and expressed disengagement prior to leaving."
1293,52,IT,Engineer,23,67520,5,98,Yes,21,No,"N/A - Active employee, no exit interview conducted."
1294,24,Maintenance,Executive,17,89772,4,78,Yes,18,Yes,"Exiting Executive in Maintenance (a long-tenured employee, 17 yrs exp) left despite competitive pay, suggesting non-monetary drivers and cited burnout from frequent overtime with limited support or upskilling."
1295,45,HR,Supervisor,18,83762,3,94,No,18,No,"N/A - Active employee, no exit interview conducted."
1296,53,Maintenance,Manager,19,75106,5,78,No,38,Yes,"Exiting Manager in Maintenance (a long-tenured employee, 19 yrs exp) left despite competitive pay, suggesting non-monetary drivers and was a strong, experienced performer who left for external career growth."
1297,43,Finance,Engineer,17,106121,2,96,Yes,24,Yes,"Exiting Engineer in Finance (a long-tenured employee, 17 yrs exp) left despite competitive pay, suggesting non-monetary drivers and cited burnout from frequent overtime with limited support or upskilling."
1298,44,Production,Executive,14,50559,5,81,No,15,Yes,"Exiting Executive in Production (a mid-tenure employee, 14 yrs exp) felt compensation was below market rate for the role and was a strong, experienced performer who left for external career growth."
1299,23,Finance,Manager,9,58742,1,96,No,20,Yes,"Exiting Manager in Finance (a mid-tenure employee, 9 yrs exp) had a low performance rating and expressed disengagement prior to leaving."
1300,48,Finance,Supervisor,8,94669,3,75,Yes,35,Yes,"Exiting Supervisor in Finance (a mid-tenure employee, 8 yrs exp) left despite competitive pay, suggesting non-monetary drivers and mentioned excessive overtime affecting work-life balance."
