id,category,question,answer
1,Account,How do I reset my password?,"Click 'Forgot Password' on the sign-in page, follow the email link, and choose a new password."
2,Account,How do I change my email address?,"Go to Profile > Account Settings > Email, verify the new address, and save changes."
3,Account,How do I update my phone number?,"Open Profile > Contact Information, enter the new number, verify it with the OTP, and save."
4,Account,How do I delete my account?,Navigate to Account Settings > Delete Account and follow the confirmation steps.
5,Account,Why can't I log in?,"Check your credentials, ensure Caps Lock is off, and reset your password if needed."
6,Account,How do I recover a forgotten username?,Use the 'Forgot Username' link on the sign-in page and enter your registered email to receive it.
7,Account,How do I enable two-factor authentication?,Go to Security Settings > Two-Factor Authentication and follow the setup wizard with your authenticator app.
8,Account,How do I disable two-factor authentication?,"Open Security Settings > Two-Factor Authentication and choose Disable, confirming with a verification code."
9,Account,How do I change my display name?,"Go to Profile > Edit Profile, update your display name, and save."
10,Account,How do I update my profile picture?,"Open Profile > Edit Profile, tap the avatar, and upload a new photo."
11,Account,Can I merge two accounts into one?,Contact support with both account emails; our team can merge order and profile history manually.
12,Account,What should I do if my account was hacked?,"Reset your password immediately, enable two-factor authentication, and contact support to review recent activity."
13,Account,How do I update my security questions?,Go to Security Settings > Security Questions and choose new questions and answers.
14,Account,How do I change my username?,Open Profile > Account Settings > Username; note that usernames can only be changed once every 30 days.
15,Account,What is the difference between deactivating and deleting my account?,Deactivating hides your profile temporarily and can be reversed by logging back in; deleting permanently removes your data after the grace period.
16,Account,Why is my account locked after failed login attempts?,Accounts lock for 15 minutes after 5 failed attempts as a security measure; wait or reset your password to regain access.
17,Account,How do I verify my email address?,Check your inbox for a verification email and click the confirmation link; resend it from Account Settings if needed.
18,Account,How do I unlink a social login from my account?,Go to Security Settings > Connected Accounts and select Disconnect next to the social provider.
19,Account,How do I link a social login to my account?,"Open Security Settings > Connected Accounts and select Connect next to Google, Facebook, or Apple."
20,Account,How do I change my country or region setting?,Go to Profile > Preferences > Region and select your new country; some settings may require re-verification.
21,Account,How do I update my date of birth?,"Contact support with a copy of your ID, since date of birth changes require identity verification."
22,Account,What are the password requirements?,"Passwords must be at least 8 characters and include a number, an uppercase letter, and a special character."
23,Account,How long does my login session last before timing out?,Sessions stay active for 30 minutes of inactivity before requiring you to sign in again.
24,Account,How do I log out of all devices at once?,Go to Security Settings > Active Sessions and select 'Log Out All Devices'.
25,Account,How do I view my login history?,"Open Security Settings > Login History to see recent sign-in times, locations, and devices."
26,Account,How can I recover my account using my phone number?,Select 'Use phone number instead' on the recovery screen and enter the OTP sent via SMS.
27,Account,Where can I review my privacy settings?,Go to Profile > Privacy Settings to control what information is visible to other users.
28,Account,How do I download a copy of my personal data?,Go to Privacy Settings > Download My Data; the export is emailed to you within 48 hours.
29,Account,How do I request permanent deletion of my personal data?,"Submit a data deletion request from Privacy Settings > Delete My Data, which is processed within 30 days."
30,Account,Can I change my account type from personal to business?,"Yes, go to Account Settings > Account Type and follow the upgrade steps; some data may need re-entry."
31,Account,How do I add a family member to my account?,Open Account Settings > Family Sharing and send an invite to their email address.
32,Account,How do I remove a family member from my account?,"Go to Account Settings > Family Sharing, select the member, and choose Remove."
33,Account,How do I transfer account ownership to someone else?,Contact support with written consent from both parties; ownership transfers are handled manually for security.
34,Account,How do I set up a business or corporate account?,Sign up using your work email and select 'Business Account' during registration to unlock team features.
35,Account,Why is my account suspended?,Suspensions usually follow a Terms of Service violation; check your email for the specific reason and appeal instructions.
36,Account,How do I appeal an account suspension?,"Go to the suspension notice email and click 'Appeal Decision', or contact support with your account details."
37,Account,How do I change my security PIN?,Open Security Settings > PIN Code and enter your current PIN before setting a new one.
38,Account,How do I set up biometric login (fingerprint or face)?,"Enable it under Security Settings > Biometric Login, available on supported devices."
39,Account,How do I set up a passkey for passwordless login?,Go to Security Settings > Passkeys > Add Passkey and follow your device's prompts.
40,Account,"I never received my email verification code, what should I do?","Check your spam folder, wait a few minutes, and use the 'Resend Code' button on the verification screen."
41,Account,"I never received my phone verification code, what should I do?","Ensure the number is correct, check for carrier delays, and use 'Resend Code' or switch to email verification."
42,Account,"My accounts got split after I changed my email, how do I merge them?",Contact support with both email addresses so we can merge your order and activity history.
43,Account,Where do I find the dark mode toggle?,"Open Settings > Display > Theme and select Dark, Light, or System Default."
44,Account,Where do I manage notification preferences?,"Go to Settings > Notifications to control email, push, and SMS alerts individually."
45,Account,How do I change my preferred language?,Open Settings > Language & Region and choose your preferred display language.
46,Account,How do I change my timezone setting?,Go to Settings > Language & Region > Timezone and select the correct timezone.
47,Account,What accessibility settings are available?,"Settings > Accessibility includes screen reader support, larger text, and high-contrast mode."
48,Account,How do I set up parental controls?,Go to Settings > Parental Controls to restrict content and set screen time limits for a linked child profile.
49,Account,How do I see which devices are linked to my account?,Open Security Settings > Linked Devices to view every device currently signed in.
50,Account,How do I remove an old device from my account?,"Go to Security Settings > Linked Devices, select the device, and choose Remove."
51,Account,How do I view my currently active sessions?,Security Settings > Active Sessions lists each active login with location and last-active time.
52,Account,How do I change my account recovery email?,Go to Security Settings > Recovery Options and update the backup email address.
53,Account,How do I add a backup phone number for account recovery?,Open Security Settings > Recovery Options > Backup Phone and enter a number you control.
54,Account,"My two-factor authenticator app isn't generating valid codes, what should I do?","Resync the app's time settings, or use a backup recovery code to sign in and reconfigure 2FA."
55,Account,"I lost my two-factor authentication device, how do I recover access?","Use one of your saved backup codes, or contact support with identity verification to reset 2FA."
56,Account,How do I report someone impersonating my account?,Use the 'Report Impersonation' link on the suspicious profile or contact support directly with screenshots.
57,Account,How do I report suspicious activity on my account?,Go to Security Settings > Report Suspicious Activity and describe what you noticed.
58,Account,How do I change my communication preferences?,Open Settings > Communication Preferences to choose which updates you receive and how.
59,Account,How do I opt out of marketing emails?,"Click 'Unsubscribe' at the bottom of any marketing email, or disable it in Settings > Communication Preferences."
60,Account,How do I opt back into marketing emails after unsubscribing?,Go to Settings > Communication Preferences and re-enable the marketing email toggle.
61,Account,How do I temporarily deactivate my account instead of deleting it?,Go to Account Settings > Deactivate Account; your profile is hidden until you log back in.
62,Account,How do I reactivate a deactivated account?,Simply log back in with your existing credentials to automatically reactivate your account.
63,Account,How do I delete photos I uploaded to my profile?,"Open Profile > Photos, select the image, and choose Delete."
64,Account,How do I update contacts saved in my address book?,"Go to Profile > Contacts to edit, add, or remove saved contacts."
65,Account,How do I export my saved contact list?,Open Profile > Contacts > Export and choose a CSV or vCard file format.
66,Account,Can I have more than one account with the same email address?,"No, each email address can only be linked to a single account for security reasons."
67,Account,How do I change the answer to my security question?,"Go to Security Settings > Security Questions, verify your identity, and set a new answer."
68,Account,Why does the app keep logging me out unexpectedly?,This usually happens after a password change elsewhere or a security policy update; sign in again to restore your session.
69,Account,How do I check what personal information the company stores about me?,Request a personal data summary from Privacy Settings > Data Overview.
70,Account,Can I use the same account on multiple devices at once?,"Yes, you can be signed in on up to 5 devices simultaneously under a standard account."
71,Account,How do I set an account nickname visible only to friends?,Go to Profile > Nicknames and set a name visible only within your friends list.
72,Billing,How can I download my invoice?,Go to Billing > Invoices and click Download next to the required invoice.
73,Billing,Why was my payment declined?,"Verify your payment details, available balance, and contact your bank if the issue continues."
74,Billing,Can I change my billing cycle?,"Yes, you can change it from Billing Settings at the end of your current billing period."
75,Billing,How do I update my payment method?,"Open Billing > Payment Methods, add a new method, and set it as default."
76,Billing,Do you offer refunds?,Refund eligibility depends on the purchase and our refund policy.
77,Billing,How do I request a refund for a recent charge?,"Go to Billing > Purchase History, select the charge, and click 'Request Refund'."
78,Billing,How long does a refund take to appear on my statement?,Refunds typically take 5-10 business days to reflect on your original payment method.
79,Billing,Why was I charged twice for the same order?,"This is usually a temporary authorization hold; if both charges remain after 5 days, contact support for a reversal."
80,Billing,How do I add a new credit card to my account?,Go to Billing > Payment Methods > Add Card and enter your card details.
81,Billing,How do I remove an old payment method?,"Open Billing > Payment Methods, select the card, and choose Remove."
82,Billing,Can I pay using PayPal?,"Yes, PayPal is available at checkout and can also be set as your default payment method."
83,Billing,Can I pay using a bank transfer?,Bank transfers are supported for annual plans; select it at checkout under Payment Options.
84,Billing,How do I view my complete billing history?,Go to Billing > Purchase History to see every past invoice and payment.
85,Billing,Why does my invoice show a different currency than expected?,Invoices are billed in the currency tied to your account region; update it in Billing > Preferences.
86,Billing,How do I add my company's tax ID to invoices?,Open Billing > Tax Information and enter your VAT or tax ID for future invoices.
87,Billing,Do you charge sales tax or VAT?,Tax is calculated automatically based on your billing address and local tax regulations.
88,Billing,How do I get a receipt for a specific purchase?,"Go to Billing > Purchase History, select the transaction, and click 'Email Receipt'."
89,Billing,Why did my subscription price increase?,Pricing updates are communicated 30 days in advance by email; check Billing > Plan Details for the new rate.
90,Billing,Can I get a prorated refund if I cancel mid-cycle?,"Yes, unused time on monthly plans is refunded on a prorated basis upon cancellation."
91,Billing,How do I apply a discount or promo code?,Enter the code at checkout in the 'Promo Code' field before completing your payment.
92,Billing,Why didn't my promo code work?,"Promo codes may be expired, region-restricted, or limited to new customers; check the terms attached to the offer."
93,Billing,How do I switch from monthly to annual billing?,Go to Billing > Plan Details > Change Billing Cycle and select Annual to apply at renewal.
94,Billing,Is there a fee for switching billing cycles?,"No, switching between monthly and annual billing is free and takes effect at the next cycle."
95,Billing,How do I dispute a charge I don't recognize?,"Go to Billing > Purchase History, select the charge, and click 'Dispute Charge' to start an investigation."
96,Billing,Can I split payment across two cards?,Currently only one payment method can be used per transaction; multi-card split payments aren't supported.
97,Billing,How do I update the billing address on my account?,Open Billing > Billing Address and enter your updated address before your next invoice.
98,Billing,Why is my card being declined even though it has funds?,Some banks block recurring charges by default; contact your bank to authorize subscription payments.
99,Billing,How do I set up automatic renewal for my subscription?,Auto-renewal is enabled by default; manage it under Billing > Subscription > Auto-Renew.
100,Billing,How do I turn off automatic renewal?,Go to Billing > Subscription and toggle off Auto-Renew before your next billing date.
101,Billing,Can I get an invoice addressed to my company instead of me personally?,"Yes, update the billing name and tax ID in Billing > Tax Information before your next invoice generates."
102,Billing,How do I view upcoming charges before they happen?,Go to Billing > Upcoming Charges to preview the amount and date of your next payment.
103,Billing,Do you offer volume discounts for bulk purchases?,"Yes, teams purchasing 10+ seats qualify for volume pricing; contact sales for a custom quote."
104,Billing,How do I cancel a pending payment before it processes?,Pending payments can be canceled within 1 hour from Billing > Purchase History > Cancel Payment.
105,Billing,Why do I see a 'pending' charge that hasn't posted yet?,Pending charges are authorization holds that typically clear or drop off within 3-5 business days.
106,Billing,How do I get a copy of my annual billing summary for tax purposes?,Go to Billing > Reports > Annual Summary to download a full-year statement.
107,Billing,Can I use gift cards for subscription payments?,"Yes, gift card balances can be applied at checkout under Payment Options > Gift Card."
108,Billing,How do I check my remaining gift card balance?,Open Billing > Gift Cards to view the balance and expiration date of each card.
109,Billing,What happens to my billing if I downgrade my plan mid-cycle?,"You'll be credited the price difference, applied automatically to your next invoice."
110,Billing,How do I set a spending limit or budget alert?,Go to Billing > Budget Alerts and set a monthly threshold to receive email notifications.
111,Billing,Why was my refund issued as store credit instead of to my card?,"Refunds after 90 days are issued as store credit per policy, since original payment methods may have expired."
112,Billing,How do I redeem store credit on a future purchase?,Store credit is applied automatically at checkout when available on your account.
113,Billing,Can I combine multiple promo codes in one order?,"No, only one promo code can be applied per order."
114,Billing,How do I request a formal quote before purchasing?,Contact sales through Billing > Request a Quote to receive a formal proposal for your order.
115,Billing,How do I change the email address that receives invoices?,Go to Billing > Preferences > Invoice Email and update the address.
116,Billing,Do you offer installment or pay-later options?,Installment plans are available at checkout for eligible orders through our financing partner.
117,Billing,How do I view failed payment notifications?,Check Billing > Notifications for a log of failed payment attempts and retry dates.
118,Billing,How many times will you retry a failed payment before suspending my subscription?,We retry a failed payment 3 times over 7 days before pausing your subscription.
119,Billing,Can I get a discount for paying annually instead of monthly?,"Yes, annual plans include a 15% discount compared to paying monthly."
120,Billing,How do I verify a suspicious billing email claiming to be from support?,Check that it's sent from our official domain and never click links asking for card details directly in an email.
121,Billing,How do I export all my invoices at once?,Go to Billing > Invoices > Export All to download a ZIP file of every invoice on your account.
122,Billing,Why is there a currency conversion fee on my statement?,"International cards may incur a conversion fee charged by your bank, not by us."
123,Billing,How do I add a secondary payment method as backup?,Open Billing > Payment Methods > Add Backup Method so it's used automatically if your primary card fails.
124,Billing,How is usage-based billing calculated on my plan?,Usage-based charges are calculated daily and summarized on your monthly invoice under Billing > Usage Details.
125,Billing,How do I see a breakdown of charges by team member?,Go to Billing > Reports > By User for a per-seat cost breakdown on team plans.
126,Billing,Can I get a refund if I accidentally purchased the wrong plan?,"Yes, contact support within 14 days of an accidental purchase for a full refund."
127,Billing,How do I update the last four digits shown for my saved card?,This updates automatically once you replace the card under Billing > Payment Methods.
128,Billing,Why does my invoice show a partial-month charge?,"This is a proration charge for upgrading mid-cycle, covering the remaining days at the new plan's rate."
129,Billing,How do I request a W-9 or tax form from your company?,Tax forms can be requested from Billing > Tax Information > Request Tax Form.
130,Billing,Can I pay in a currency different from my account's default?,Currently payments are processed only in your account's default billing currency.
131,Billing,How do I check if my card on file is about to expire?,Billing > Payment Methods flags any card expiring within 30 days with a warning banner.
132,Billing,How do I get an itemized invoice showing each product separately?,Itemized invoices are generated automatically for orders with multiple products; download from Billing > Invoices.
133,Billing,Why do I see two different tax rates on the same invoice?,This can happen when an order includes items taxed under different local tax categories.
134,Billing,How do I add multiple billing contacts for my organization?,Go to Billing > Team Billing Contacts to add additional recipients for invoices and payment alerts.
135,Billing,How do I get billing support outside normal business hours?,Submit a billing ticket anytime through Billing > Contact Billing Support; response times may be longer overnight.
136,Orders,How do I track my order?,"Open My Orders, select the order, and view the shipment tracking details."
137,Orders,Can I cancel my order?,Orders can be canceled before they are shipped from the warehouse.
138,Orders,What if my package is delayed?,Check the tracking status and contact support if the delay exceeds the estimated delivery date.
139,Orders,I received the wrong item.,Contact support with your order number and photos of the received item.
140,Orders,My package arrived damaged.,Please upload photos of the damage and we'll arrange a replacement or refund.
141,Orders,How do I change the shipping address after placing an order?,Address changes are possible only before the order ships; go to My Orders > Edit Shipping Address.
142,Orders,Can I combine two separate orders into one shipment?,"Orders placed separately can't be merged, but contact support if both are still processing."
143,Orders,How do I return an item I no longer want?,"Go to My Orders > Return Item and select a reason, then print the prepaid return label."
144,Orders,How long do I have to return an item?,Most items can be returned within 30 days of delivery in their original condition.
145,Orders,How do I print a return shipping label?,Go to My Orders > Return Item and click 'Print Label' after submitting your return request.
146,Orders,What items are not eligible for return?,"Perishables, personalized items, and opened hygiene products are generally excluded from returns."
147,Orders,How do I exchange an item for a different size?,Select 'Exchange' instead of 'Return' in My Orders and choose the new size to ship automatically.
148,Orders,Why is my order stuck on 'Processing' for several days?,High demand periods can delay processing; contact support if it exceeds 3 business days.
149,Orders,How do I add items to an order after it's placed?,Items can't be added to an existing order; place a separate order or contact support if it hasn't shipped.
150,Orders,Can I schedule a specific delivery date for my order?,Scheduled delivery is available at checkout for select regions under Delivery Options.
151,Orders,How do I request expedited or express shipping?,Choose Express Shipping at checkout for an additional fee and faster delivery.
152,Orders,Why does my tracking number show no updates?,Tracking can take 24-48 hours to activate after the carrier picks up the package.
153,Orders,How do I find my order confirmation email?,"Check your inbox and spam folder for a message from our orders team, or view it in My Orders > Order Details."
154,Orders,Can I place an order without creating an account?,"Yes, guest checkout is available, though tracking benefits are better with a registered account."
155,Orders,How do I reorder something I purchased previously?,Go to My Orders > Order History and click 'Buy Again' next to the item.
156,Orders,What should I do if my order shows delivered but I never received it?,"Check with neighbors and your building's mailroom first, then file a missing package claim with support."
157,Orders,How do I file a claim for a lost package?,Go to My Orders > Report an Issue > Package Lost and provide your order details.
158,Orders,Can I change the payment method after placing an order?,Payment methods can't be changed after checkout; cancel and reorder if it hasn't shipped yet.
159,Orders,How do I split one order into multiple shipments?,Large orders ship in multiple boxes automatically when items come from different warehouses.
160,Orders,Why did I receive only part of my order?,Multi-item orders may ship separately; check My Orders for individual tracking numbers per item.
161,Orders,How do I cancel just one item from a multi-item order?,"Go to My Orders > Edit Order and remove the specific item, if it hasn't shipped yet."
162,Orders,Can I ship an order to a different country than my billing address?,"Yes, select a different shipping address at checkout; note that customs fees may apply."
163,Orders,How do I know if my order is eligible for free shipping?,Orders over the free shipping threshold display it automatically in your cart summary.
164,Orders,How do I use a shipping address book for future orders?,Save addresses under Profile > Address Book to select them quickly at checkout.
165,Orders,What happens if I refuse a delivery?,"Refused deliveries are returned to our warehouse and refunded once received, minus any return shipping cost."
166,Orders,How do I set delivery instructions for the courier?,Add delivery notes at checkout under 'Delivery Instructions' or edit them in My Orders before shipping.
167,Orders,How do I get an order status notification by SMS?,Enable SMS updates under Notification Preferences and confirm your phone number.
168,Orders,Why was my order canceled automatically?,Orders are auto-canceled if payment fails or the item goes out of stock before processing.
169,Orders,How do I check if an item is in stock before ordering?,Stock availability shows on the product page; out-of-stock items display a 'Notify Me' option instead.
170,Orders,Can I get notified when an out-of-stock item is back?,"Yes, click 'Notify Me' on the product page and we'll email you when it's restocked."
171,Orders,How do I request a gift receipt for an order?,Select 'This is a gift' at checkout to include a price-free gift receipt in the package.
172,Orders,Can I include a gift message with my order?,"Yes, add a personalized message at checkout under Gift Options."
173,Orders,How do I check estimated delivery time before ordering?,Estimated delivery dates appear on the product page and again at checkout based on your address.
174,Orders,What carriers do you use for shipping?,"We ship via FedEx, UPS, and regional postal services depending on your location and shipping speed."
175,Orders,How do I redirect a package to a pickup location instead of my home?,Most carriers allow redirecting to a pickup point via the tracking link once the package is in transit.
176,Orders,Why is my order total different from what I saw at checkout?,Final totals can shift slightly due to tax recalculation or a promo code expiring before payment completed.
177,Orders,How do I get a refund for a canceled order?,Refunds for canceled orders are automatic and appear within 5-10 business days.
178,Orders,Can I pick up my order in-store instead of shipping?,In-store pickup is available for select locations; choose it at checkout if offered for your area.
179,Orders,How long does international shipping usually take?,International orders typically arrive within 7-21 business days depending on customs processing.
180,Orders,Do I have to pay customs duties on international orders?,Customs duties and import taxes are the buyer's responsibility and vary by destination country.
181,Orders,How do I check which warehouse my order is shipping from?,Order Details in My Orders shows the fulfillment warehouse once your order is processed.
182,Orders,Can I request a signature on delivery for a high-value order?,"Yes, select 'Signature Required' at checkout under Delivery Options for an added fee."
183,Orders,How do I dispute an order I believe was fraudulent?,Contact support immediately with your order number; we'll investigate and secure your account if needed.
184,Orders,Why does my order say 'Backordered'?,Backordered items are temporarily out of stock but confirmed for restock; you'll be notified once it ships.
185,Orders,How do I cancel a backordered item while keeping the rest of my order?,Go to My Orders > Edit Order and remove just the backordered item without affecting the rest.
186,Orders,Is there a limit to how many of one item I can order?,High-demand items may have a per-customer purchase limit shown on the product page.
187,Orders,How do I check the return status of an item I sent back?,Go to My Orders > Returns to see whether your return was received and processed.
188,Orders,How long does it take to receive a refund after a return is received?,Refunds process within 3-5 business days after our warehouse receives and inspects the returned item.
189,Orders,Can I return an item to a physical store instead of shipping it back?,"Yes, in-store returns are accepted at participating locations with your order confirmation."
190,Orders,How do I get store credit instead of a refund for a return?,Select 'Store Credit' instead of 'Original Payment' when initiating your return.
191,Orders,What do I do if I entered the wrong shipping address and the order already shipped?,Contact support immediately; we may be able to intercept the shipment with the carrier before delivery.
192,Orders,How do I cancel a subscription-based recurring order?,Go to My Orders > Subscriptions and select Cancel next to the recurring order.
193,Orders,How do I skip the next shipment of a subscription order?,Open My Orders > Subscriptions and select 'Skip Next Delivery'.
194,Orders,How do I change the frequency of a recurring order?,Go to My Orders > Subscriptions > Edit Frequency and choose a new delivery interval.
195,Orders,Can I order as a business with a purchase order (PO) number?,"Yes, enter your PO number at checkout under 'Business Order Details' if your account is approved for it."
196,Orders,How do I know if an item is a final sale and non-returnable?,Final sale items are clearly labeled on the product page and at checkout before you confirm purchase.
197,Orders,How do I check order history from more than a year ago?,Go to My Orders > Order History > View Archived Orders to see older purchases.
198,Orders,Why did my order arrive in multiple boxes with separate tracking numbers?,"Items fulfilled from different warehouses ship independently, so each box gets its own tracking number."
199,Technical,The app is crashing.,"Update the app, restart your device, and reinstall if the issue persists."
200,Technical,The website is loading slowly.,"Clear your browser cache, disable extensions, and try another browser."
201,Technical,Why am I seeing an error code?,Note the error code and contact support so we can investigate.
202,Technical,How do I clear the application cache?,"Open Settings > Storage > Clear Cache, then restart the application."
203,Technical,Notifications are not working.,Ensure notifications are enabled in both the app and your device settings.
204,Technical,The app won't open at all after I tap the icon.,"Force-close the app, restart your device, and reinstall it from the app store if it still won't launch."
205,Technical,How do I update the app to the latest version?,"Open your device's app store, search for the app, and tap Update if available."
206,Technical,How do I check which app version I'm currently running?,Go to Settings > About to see your current app version number.
207,Technical,Why can't I upload photos or files?,Check your internet connection and file size limit; files over 25MB may fail to upload.
208,Technical,The app is stuck on the loading screen.,"Force-close the app, check your internet connection, and reopen it; reinstall if it persists."
209,Technical,Why do I keep getting logged out unexpectedly?,This can happen after an app update or a security policy change; sign back in to restore your session.
210,Technical,How do I fix a blank or white screen in the app?,"Restart the app, clear its cache, and ensure your device's OS is up to date."
211,Technical,Why isn't dark mode applying correctly?,"Toggle dark mode off and on again in Settings > Display, or restart the app to force a refresh."
212,Technical,The search feature isn't returning any results.,"Check your spelling, try broader search terms, and confirm your internet connection is stable."
213,Technical,Why does the app use so much battery?,Background location or sync features can increase battery use; adjust them under Settings > Battery Usage.
214,Technical,How do I fix video playback that keeps buffering?,"Lower the video quality setting, check your connection speed, or try a wired connection instead of Wi-Fi."
215,Technical,Why is audio not playing in the app?,"Check your device's volume and mute settings, and confirm the app has audio permissions enabled."
216,Technical,How do I grant camera permissions to the app?,Go to your device Settings > Apps > [App Name] > Permissions and enable Camera access.
217,Technical,How do I grant location permissions to the app?,Open device Settings > Apps > [App Name] > Permissions and enable Location access.
218,Technical,The app isn't syncing data across my devices.,Ensure you're signed into the same account on all devices and that background sync is enabled.
219,Technical,How do I fix a 'connection timed out' error?,"Check your internet connection, switch networks if possible, and try again after a minute."
220,Technical,Why do I see a 'server unavailable' error?,This usually indicates temporary maintenance; check our status page or try again shortly.
221,Technical,The app keeps freezing when I switch screens.,Update to the latest app version and restart your device to clear temporary memory issues.
222,Technical,How do I report a bug I found in the app?,Go to Settings > Help > Report a Bug and describe the issue with steps to reproduce it.
223,Technical,How do I enable push notifications on iOS?,Go to iOS Settings > Notifications > [App Name] and toggle 'Allow Notifications' on.
224,Technical,How do I enable push notifications on Android?,Go to Android Settings > Apps > [App Name] > Notifications and enable them.
225,Technical,Why am I not receiving email notifications?,Check your spam folder and confirm your notification email is verified under Account Settings.
226,Technical,The app displays content in the wrong language.,Go to Settings > Language and manually select your preferred language.
227,Technical,How do I fix text that appears cut off or overlapping?,"Try adjusting your device's display/font-size settings, or reinstall the app to reset its layout cache."
228,Technical,Why is the app not compatible with my device?,Check the app store listing for minimum OS requirements; older devices may no longer be supported.
229,Technical,How do I fix a 'file not found' error when downloading?,"Retry the download with a stable connection; if it persists, clear storage space and try again."
230,Technical,Why does the app request so many permissions?,"Permissions are only used for features you actively use, such as camera for scanning or location for delivery."
231,Technical,How do I fix payment processing errors within the app?,"Confirm your payment details are current and your connection is stable, then retry the transaction."
232,Technical,The app shows outdated information even after refreshing.,"Pull down to manually refresh, or clear the app cache to force new data to load."
233,Technical,How do I enable biometric login (Face ID/Touch ID) in the app?,Go to Settings > Security > Biometric Login and follow your device's enrollment prompts.
234,Technical,Why is the app asking me to update my operating system?,Some newer app features require a minimum OS version for security and compatibility reasons.
235,Technical,How do I fix a QR code scanner that won't scan?,"Ensure camera permissions are enabled, clean the camera lens, and improve lighting conditions."
236,Technical,The app crashes specifically when I try to check out.,"Update the app to the latest version, as checkout crashes are often fixed in patch releases; contact support if it persists."
237,Technical,How do I clear my saved search history in the app?,Go to Settings > Privacy > Clear Search History to remove all saved searches.
238,Technical,Why can't I connect the app to my smart device?,"Ensure Bluetooth and Wi-Fi are enabled, and that the smart device is in pairing mode."
239,Technical,How do I fix 'Unable to verify purchase' errors?,Restart the app and check your app-store account is signed in correctly before retrying the purchase.
240,Technical,Why does the map feature show my location incorrectly?,Enable high-accuracy location mode in your device settings and ensure GPS signal is strong.
241,Technical,How do I fix the app not remembering my login between sessions?,"Enable 'Stay Signed In' in Settings > Security, and check that cookies/app data aren't being cleared automatically."
242,Technical,The app's dark mode has visual glitches on certain screens.,"Update to the latest version, as display glitches are typically addressed in regular app updates."
243,Technical,How do I export a bug report or diagnostic log for support?,Go to Settings > Help > Export Diagnostics to generate a log file you can attach to a support ticket.
244,Technical,Why is the app not working on public Wi-Fi?,Some public networks block certain ports; try switching to mobile data to confirm if that's the cause.
245,Technical,How do I fix duplicate entries appearing after syncing?,"Force a manual sync from Settings > Sync Now, which usually resolves duplicate records automatically."
246,Technical,Why does the app log me out every time I close it?,Check that 'Remember Me' or 'Stay Signed In' is enabled in your login settings.
247,Technical,How do I fix slow scrolling or lag within lists?,Clear the app cache and ensure your device has sufficient free storage space.
248,Technical,The in-app chat feature isn't sending my messages.,"Check your connection, restart the app, and confirm you haven't been temporarily rate-limited."
249,Technical,How do I disable animations to improve app performance?,Go to Settings > Accessibility > Reduce Motion to disable non-essential animations.
250,Technical,Why do images load slowly or not at all in the app?,"Switch to a stronger connection, and check Settings > Data Usage in case image loading is restricted on cellular."
251,Technical,How do I reset all app settings to default?,Go to Settings > Advanced > Reset to Default; this won't delete your account data.
252,Technical,Why does the app show a certificate or security warning?,This can indicate an outdated app version or a network issue; update the app and avoid unsecured Wi-Fi.
253,Technical,How do I fix the app not detecting my printer?,"Ensure the printer is on the same network and supports the app's print protocol, then refresh the device list."
254,Technical,Why is voice search not recognizing my commands?,Check microphone permissions and try speaking clearly in a quieter environment.
255,Technical,How do I enable offline mode in the app?,Go to Settings > Offline Access and download content in advance for offline use.
256,Technical,Why does content I downloaded for offline use disappear?,Offline content expires after 30 days or is removed if storage runs low; redownload as needed.
257,Technical,How do I fix two-factor codes not being accepted in the app?,"Ensure your device's clock is set to automatic time sync, since codes are time-sensitive."
258,Technical,The app keeps asking me to rate it repeatedly.,This prompt reappears periodically until you either rate the app or select 'No Thanks' permanently.
259,Technical,How do I fix the app icon showing an incorrect notification badge count?,Restart the app or your device to force the badge counter to resync with actual notifications.
260,Technical,Why can't I share content from the app to other apps?,Confirm the target app is installed and that sharing permissions are enabled in your device settings.
261,Technical,How do I fix widgets not updating on my home screen?,"Remove and re-add the widget, and ensure background app refresh is enabled for it."
262,Technical,Why does the app say my session data is corrupted?,"Clear the app's local storage from Settings > Storage > Clear Data, then sign in again."
263,Subscription,How do I upgrade my plan?,"Go to Subscription Settings, choose the new plan, and confirm payment."
264,Subscription,Can I downgrade my subscription?,"Yes, changes take effect at the next billing cycle."
265,Subscription,How do I cancel my subscription?,Open Subscription Settings and select Cancel Subscription.
266,Subscription,Will I lose data after cancellation?,Your data is retained for the grace period described in the account policy.
267,Subscription,Do you offer a free trial?,"Yes, eligible new users can activate a free trial from the pricing page."
268,Subscription,How do I check what plan I'm currently on?,Go to Subscription Settings > Plan Details to view your current tier and renewal date.
269,Subscription,What happens to my subscription if my payment fails at renewal?,"We retry the payment for 7 days; if it still fails, your plan reverts to the free tier."
270,Subscription,How do I extend my free trial?,Trial extensions are occasionally offered via promotional email; check Subscription Settings for eligibility.
271,Subscription,Can I pause my subscription instead of canceling it?,"Yes, select 'Pause Subscription' in Subscription Settings for up to 3 months."
272,Subscription,How do I resume a paused subscription?,Go to Subscription Settings > Resume Subscription to reactivate billing immediately.
273,Subscription,What's the difference between the Basic and Premium plans?,"Premium adds unlimited storage, priority support, and advanced analytics compared to Basic."
274,Subscription,Can I switch between monthly and yearly plans?,"Yes, go to Subscription Settings > Change Billing Cycle to switch, effective at your next renewal."
275,Subscription,How do I add additional seats to a team subscription?,Go to Subscription Settings > Manage Seats and increase the seat count; billing updates automatically.
276,Subscription,How do I remove seats from a team subscription?,Open Subscription Settings > Manage Seats and reduce the count; changes apply at the next billing cycle.
277,Subscription,Will I be charged again if I cancel during my free trial?,"No, canceling before the trial ends means you won't be charged anything."
278,Subscription,How do I find my subscription renewal date?,Your next renewal date is listed under Subscription Settings > Plan Details.
279,Subscription,Can I get a refund after canceling my subscription?,Refunds after cancellation follow our standard refund policy based on unused time remaining.
280,Subscription,What features do I lose if I downgrade my plan?,Downgrading removes premium-only features like advanced analytics and priority support at the next cycle.
281,Subscription,How do I gift a subscription to someone else?,Go to Subscription Settings > Gift a Subscription and enter the recipient's email address.
282,Subscription,Can I redeem a gift subscription code?,"Yes, enter the gift code at Subscription Settings > Redeem Code to activate it on your account."
283,Subscription,How do I switch from an individual plan to a team plan?,Go to Subscription Settings > Upgrade to Team and invite members after the switch completes.
284,Subscription,What happens to my team's data if I cancel a team subscription?,"Team data is retained for 90 days, after which it may be permanently deleted."
285,Subscription,How do I change the plan owner on a team subscription?,Go to Subscription Settings > Team Roles and transfer the owner role to another admin.
286,Subscription,Can I try a higher-tier plan before committing?,"Yes, most plans include a 14-day trial of premium features accessible from Subscription Settings."
287,Subscription,How do I see a comparison of all available plans?,Visit the Pricing page or Subscription Settings > Compare Plans for a full feature breakdown.
288,Subscription,Why was I charged the full price after my trial ended?,Trials automatically convert to a paid subscription unless canceled before the trial end date.
289,Subscription,How do I turn off trial-to-paid auto-conversion?,Disable 'Auto-Convert to Paid' under Subscription Settings before your trial period ends.
290,Subscription,Can students or educators get a discounted subscription?,"Yes, verify your academic status at Subscription Settings > Student Discount for reduced pricing."
291,Subscription,How do I apply for a nonprofit discount on my subscription?,Submit nonprofit verification documents through Subscription Settings > Nonprofit Discount.
292,Subscription,What happens if I exceed my plan's usage limits?,You'll receive a warning and be prompted to upgrade; some features may be temporarily restricted until you do.
293,Subscription,How do I view my current usage against my plan's limits?,Go to Subscription Settings > Usage to see real-time consumption versus your plan cap.
294,Subscription,Can I have two different subscriptions on one account?,"No, each account supports only one active subscription plan at a time."
295,Subscription,How do I move my subscription to a different account?,Contact support to manually transfer a subscription between accounts; this can't be done automatically.
296,Subscription,What is included in the enterprise subscription tier?,"Enterprise includes dedicated support, custom contracts, SSO, and advanced security controls."
297,Subscription,How do I contact sales about an enterprise subscription?,Go to Subscription Settings > Contact Sales or use the enterprise inquiry form on our website.
298,Subscription,Will my saved settings be lost if I switch plans?,"No, your settings and data remain intact regardless of which plan you're subscribed to."
299,Subscription,How do I set a reminder before my subscription renews?,Enable renewal reminders under Notification Preferences > Billing Alerts.
300,Subscription,Can I lock in my current price when a plan's cost increases?,Existing subscribers on annual plans are typically grandfathered at their current rate until the next renewal.
301,Subscription,How do I cancel a subscription I signed up for through the app store instead of the website?,"App store subscriptions must be canceled through your Apple ID or Google Play account settings, not our website."
302,Subscription,Why does my subscription show as active on the website but canceled in the app store?,There can be a sync delay of up to 24 hours between the app store and our billing system.
303,Subscription,How do I switch my subscription from the app store to direct billing?,"Cancel the app store subscription first, then resubscribe directly through Subscription Settings on the website."
304,Subscription,What happens to unused credits if I cancel my subscription?,Unused credits expire immediately upon cancellation and cannot be refunded.
305,Subscription,How do I check the terms of my subscription contract?,Your specific plan terms are available under Subscription Settings > Terms & Conditions.
306,Subscription,Can I negotiate custom terms for a large team subscription?,"Yes, teams over 50 seats can request custom terms through our sales team."
307,Subscription,How do I add a co-admin to manage my team's subscription?,Go to Subscription Settings > Team Roles > Add Admin and assign billing permissions.
308,Subscription,Why do I still see premium features after downgrading?,"Premium access remains until the end of your current billing period, even after downgrading."
309,Subscription,How do I check if my subscription includes priority customer support?,Priority support inclusion is listed under Subscription Settings > Plan Details > Support Level.
310,Subscription,Can I switch my subscription currency?,Subscription currency is tied to your account region and can only be changed by contacting support.
311,Subscription,How do I bundle my subscription with another product for a discount?,Check Subscription Settings > Bundles for available bundled pricing with partner products.
312,Subscription,What's the cancellation policy for annual subscriptions?,"Annual subscriptions can be canceled anytime, but refunds are prorated only within the first 30 days."
313,Subscription,How do I check if a promotional subscription rate has expired?,Promotional pricing details and expiration dates are shown under Subscription Settings > Plan Details.
314,Subscription,Can I subscribe to a plan not available in my region?,Plan availability is restricted by region due to local pricing and regulatory requirements.
315,Subscription,How do I get notified before a promotional rate ends?,Enable Billing Alerts under Notification Preferences to be notified 7 days before a promo rate expires.
316,Subscription,How do I check my subscription's data retention policy after downgrade?,Data retention terms per plan tier are listed under Subscription Settings > Data Policy.
317,Subscription,Can I reactivate a subscription plan that was discontinued?,"Discontinued plans generally can't be reactivated, but similar current plans are suggested automatically."
318,Subscription,How do I request an invoice for a subscription purchased via a reseller?,"Reseller invoices must be requested directly from the reseller, not through our billing system."
319,Subscription,How do I check if my subscription qualifies for a loyalty discount?,Loyalty discount eligibility appears automatically under Subscription Settings if you qualify after 12 months.
320,Subscription,What happens to add-ons if I downgrade my base plan?,Add-ons remain active and billed separately unless manually removed from Subscription Settings.
321,Subscription,How do I remove an add-on from my subscription?,Go to Subscription Settings > Add-ons and select Remove next to the specific add-on.
322,Subscription,Can I trial an add-on before purchasing it?,"Most add-ons include a 7-day trial, activated from Subscription Settings > Add-ons > Try Free."
323,Subscription,How do I check if my organization is on a legacy pricing plan?,Legacy plan status is shown under Subscription Settings > Plan Details with a 'Legacy' label if applicable.
324,Subscription,How do I request a custom SLA as part of my subscription?,Custom SLAs are available on enterprise plans; contact sales to include one in your contract.
